Budget,Duration,Season,Travel_Type,Travel_Preference,Region,Destination
Medium,2,Winter,Solo,Adventure,South India,Hyderabad
High,9,Winter,Family,Beach,South India,Andaman
Medium,5,Autumn,Couple,Nature,East India,Darjeeling
Medium,5,Autumn,Solo,Nature,East India,Darjeeling
High,6,Monsoon,Couple,Adventure,West India,Goa
Low,6,Autumn,Friends,Spiritual,North India,Rishikesh
Medium,2,Autumn,Family,Historical,South India,Mysore
Medium,7,Winter,Couple,Mountains,North India,Manali
High,8,Spring,Friends,Beach,East India,Andaman
High,7,Winter,Family,Adventure,South India,Andaman
High,6,Winter,Friends,Beach,West India,Goa
Low,2,Winter,Solo,Adventure,South India,Hyderabad
Medium,4,Spring,Couple,Nature,West India,Udaipur
Medium,4,Winter,Couple,Spiritual,North India,Jaipur
High,3,Spring,Couple,Historical,North India,Jaipur
High,7,Winter,Friends,Beach,East India,Andaman
Low,2,Autumn,Family,Nature,South India,Araku Valley
Medium,4,Monsoon,Friends,Nature,South India,Coorg
Medium,6,Spring,Family,Mountains,East India,Darjeeling
Medium,2,Winter,Family,Historical,South India,Mysore
Low,4,Spring,Friends,Adventure,North India,Rishikesh
Low,2,Autumn,Family,Spiritual,South India,Mysore
Low,3,Winter,Solo,Spiritual,North India,Varanasi
High,9,Winter,Couple,Beach,South India,Andaman
Medium,4,Monsoon,Couple,Nature,South India,Coorg
Medium,5,Winter,Couple,Mountains,South India,Munnar
Low,4,Summer,Couple,Nature,South India,Ooty
Medium,3,Spring,Family,Historical,North India,Jaipur
Medium,3,Spring,Couple,Nature,West India,Udaipur
Low,4,Winter,Family,Wildlife,South India,Araku Valley
High,3,Monsoon,Couple,Adventure,South India,Coorg
Low,3,Winter,Family,Spiritual,North India,Varanasi
Medium,6,Winter,Friends,Adventure,West India,Goa
High,6,Summer,Couple,Mountains,North India,Kashmir
High,8,Winter,Family,Mountains,North India,Kashmir
High,7,Winter,Couple,Beach,South India,Andaman
Medium,4,Summer,Family,Mountains,South India,Ooty
Medium,4,Autumn,Solo,Historical,South India,Mysore
High,2,Winter,Friends,Adventure,South India,Coorg
High,8,Winter,Family,Beach,South India,Andaman
Medium,6,Winter,Friends,Mountains,North India,Manali
High,5,Winter,Friends,Beach,West India,Goa
Medium,6,Spring,Solo,Spiritual,North India,Rishikesh
Medium,5,Spring,Family,Nature,West India,Udaipur
Medium,4,Winter,Family,Mountains,South India,Munnar
Low,2,Autumn,Solo,Historical,South India,Mysore
Medium,4,Spring,Friends,Spiritual,North India,Rishikesh
High,5,Winter,Family,Historical,West India,Udaipur
Low,2,Winter,Couple,Nature,South India,Araku Valley
Medium,5,Winter,Couple,Nature,South India,Munnar
Medium,2,Winter,Solo,Spiritual,North India,Varanasi
Low,2,Autumn,Solo,Spiritual,North India,Varanasi
Low,2,Autumn,Solo,Spiritual,South India,Mysore
Medium,4,Winter,Solo,Spiritual,North India,Varanasi
High,9,Spring,Couple,Beach,South India,Andaman
Medium,7,Summer,Friends,Mountains,North India,Manali
Medium,6,Summer,Friends,Adventure,North India,Manali
Medium,8,Summer,Couple,Mountains,North India,Manali
Medium,5,Summer,Couple,Nature,South India,Ooty
High,2,Spring,Couple,Historical,North India,Jaipur
High,6,Winter,Family,Nature,North India,Kashmir
Medium,3,Monsoon,Friends,Adventure,South India,Coorg
Medium,5,Winter,Couple,Historical,North India,Jaipur
Low,2,Autumn,Family,Historical,South India,Mysore
Medium,6,Winter,Solo,Mountains,North India,Manali
Low,3,Autumn,Friends,Adventure,North India,Rishikesh
Low,4,Autumn,Family,Nature,South India,Araku Valley
High,4,Winter,Friends,Adventure,West India,Goa
High,7,Winter,Couple,Beach,South India,Andaman
Medium,8,Summer,Couple,Mountains,North India,Manali
Medium,4,Winter,Couple,Adventure,South India,Coorg
High,7,Winter,Friends,Beach,East India,Andaman
Low,2,Autumn,Solo,Historical,South India,Mysore
Low,3,Monsoon,Family,Nature,South India,Araku Valley
Medium,5,Spring,Solo,Adventure,North India,Rishikesh
Low,3,Monsoon,Family,Nature,South India,Araku Valley
Low,2,Winter,Family,Spiritual,North India,Varanasi
Low,5,Monsoon,Friends,Beach,West India,Goa
Low,3,Autumn,Friends,Spiritual,North India,Rishikesh
Medium,3,Winter,Solo,Spiritual,North India,Varanasi
Low,4,Autumn,Friends,Adventure,North India,Rishikesh
High,4,Winter,Friends,Beach,West India,Goa
Low,2,Autumn,Family,Spiritual,South India,Mysore
Medium,3,Summer,Couple,Mountains,South India,Ooty
Low,4,Spring,Family,Mountains,South India,Ooty
Low,2,Winter,Family,Nature,South India,Araku Valley
Low,3,Autumn,Family,Spiritual,South India,Mysore
Medium,3,Autumn,Solo,Historical,South India,Hyderabad
Medium,3,Winter,Family,Historical,North India,Jaipur
High,8,Winter,Couple,Adventure,East India,Andaman
High,2,Winter,Family,Historical,North India,Jaipur
Low,3,Autumn,Solo,Spiritual,North India,Varanasi
High,8,Summer,Family,Nature,North India,Kashmir
High,3,Winter,Couple,Spiritual,North India,Jaipur
Low,5,Summer,Family,Nature,South India,Ooty
Low,2,Monsoon,Family,Nature,South India,Araku Valley
High,7,Summer,Couple,Nature,North India,Kashmir
Medium,2,Winter,Friends,Adventure,South India,Hyderabad
Low,3,Autumn,Friends,Adventure,North India,Rishikesh
Low,4,Spring,Friends,Adventure,North India,Rishikesh
Low,3,Autumn,Family,Spiritual,South India,Mysore
Medium,4,Autumn,Solo,Adventure,North India,Rishikesh
High,2,Winter,Couple,Adventure,South India,Coorg
Low,3,Autumn,Solo,Historical,South India,Hyderabad
Low,3,Winter,Solo,Spiritual,North India,Varanasi
Low,4,Winter,Family,Historical,South India,Mysore
Low,4,Spring,Solo,Adventure,North India,Rishikesh
High,3,Monsoon,Couple,Nature,South India,Coorg
Medium,3,Winter,Couple,Spiritual,North India,Jaipur
Low,3,Winter,Solo,Spiritual,North India,Varanasi
High,4,Winter,Family,Nature,West India,Udaipur
Medium,5,Summer,Couple,Mountains,South India,Ooty
Medium,4,Monsoon,Family,Mountains,South India,Munnar
Low,4,Spring,Family,Mountains,South India,Ooty
Low,2,Winter,Friends,Adventure,South India,Hyderabad
High,8,Winter,Family,Mountains,North India,Kashmir
Low,3,Winter,Family,Spiritual,North India,Varanasi
High,6,Summer,Couple,Nature,North India,Kashmir
Low,3,Winter,Solo,Spiritual,North India,Varanasi
Medium,2,Winter,Solo,Historical,South India,Mysore
High,6,Winter,Friends,Beach,West India,Goa
Medium,4,Spring,Friends,Adventure,North India,Rishikesh
Medium,5,Spring,Solo,Mountains,Northeast India,Darjeeling
Low,3,Autumn,Solo,Adventure,South India,Hyderabad
Low,4,Summer,Couple,Nature,South India,Ooty
Medium,2,Winter,Friends,Adventure,South India,Coorg
High,8,Winter,Couple,Nature,North India,Kashmir
High,6,Autumn,Family,Nature,Northeast India,Darjeeling
Medium,4,Winter,Friends,Adventure,South India,Coorg
Medium,5,Spring,Solo,Spiritual,North India,Rishikesh
Low,2,Winter,Couple,Nature,South India,Araku Valley
Medium,6,Summer,Couple,Mountains,North India,Manali
Medium,3,Autumn,Family,Wildlife,South India,Araku Valley
High,5,Winter,Couple,Historical,North India,Udaipur
Medium,2,Winter,Family,Historical,South India,Mysore
Medium,4,Winter,Couple,Nature,South India,Coorg
Medium,5,Monsoon,Family,Mountains,South India,Munnar
Low,4,Spring,Friends,Adventure,North India,Rishikesh
Medium,8,Winter,Friends,Adventure,North India,Manali
High,5,Spring,Family,Historical,West India,Udaipur
Medium,3,Spring,Couple,Historical,West India,Udaipur
Medium,3,Autumn,Friends,Adventure,North India,Rishikesh
High,5,Winter,Couple,Nature,North India,Udaipur
High,6,Winter,Couple,Adventure,North India,Manali
Medium,6,Spring,Solo,Mountains,North India,Manali
Medium,5,Spring,Couple,Mountains,East India,Darjeeling
High,8,Winter,Couple,Mountains,North India,Kashmir
Low,2,Winter,Friends,Historical,South India,Hyderabad
Medium,6,Spring,Friends,Mountains,North India,Manali
High,8,Summer,Couple,Nature,North India,Kashmir
Medium,3,Monsoon,Couple,Adventure,South India,Coorg
High,5,Winter,Family,Mountains,South India,Munnar
Medium,3,Winter,Family,Nature,South India,Araku Valley
High,4,Spring,Couple,Historical,West India,Udaipur
Medium,4,Monsoon,Friends,Adventure,West India,Goa
Medium,3,Winter,Friends,Historical,South India,Hyderabad
Low,4,Autumn,Friends,Adventure,North India,Rishikesh
High,7,Winter,Friends,Mountains,North India,Manali
High,6,Winter,Friends,Beach,West India,Goa
Medium,2,Winter,Solo,Adventure,South India,Hyderabad
Medium,3,Spring,Family,Historical,North India,Jaipur
Medium,3,Spring,Family,Nature,South India,Ooty
Medium,6,Winter,Couple,Mountains,North India,Manali
High,8,Winter,Couple,Nature,North India,Kashmir
Medium,3,Spring,Couple,Nature,South India,Ooty
High,3,Spring,Family,Nature,West India,Udaipur
Medium,3,Winter,Couple,Adventure,South India,Coorg
High,3,Winter,Couple,Historical,North India,Jaipur
High,6,Summer,Couple,Adventure,North India,Manali
High,8,Winter,Couple,Beach,South India,Andaman
High,8,Spring,Friends,Beach,South India,Andaman
Low,3,Autumn,Solo,Adventure,North India,Rishikesh
Medium,3,Winter,Family,Historical,North India,Jaipur
High,6,Winter,Family,Nature,North India,Kashmir
Low,3,Winter,Couple,Nature,South India,Araku Valley
High,4,Winter,Couple,Mountains,South India,Munnar
High,2,Monsoon,Friends,Nature,South India,Coorg
Medium,5,Monsoon,Couple,Mountains,South India,Munnar
Medium,4,Monsoon,Couple,Mountains,South India,Munnar
Medium,4,Monsoon,Friends,Adventure,South India,Coorg
High,4,Spring,Couple,Nature,North India,Udaipur
High,9,Winter,Couple,Adventure,East India,Andaman
Medium,4,Winter,Couple,Nature,South India,Coorg
Medium,4,Winter,Family,Historical,North India,Jaipur
Medium,4,Spring,Couple,Mountains,East India,Darjeeling
Low,3,Autumn,Solo,Adventure,North India,Rishikesh
High,4,Winter,Couple,Spiritual,North India,Jaipur
Low,4,Winter,Family,Nature,South India,Araku Valley
Low,2,Winter,Family,Wildlife,South India,Araku Valley
Medium,3,Summer,Couple,Nature,South India,Ooty
Medium,5,Winter,Couple,Adventure,North India,Manali
High,5,Winter,Solo,Beach,West India,Goa
High,8,Spring,Friends,Beach,South India,Andaman
High,3,Spring,Family,Historical,North India,Jaipur
Medium,2,Monsoon,Couple,Nature,South India,Coorg
High,6,Spring,Couple,Historical,North India,Udaipur
Medium,3,Winter,Couple,Adventure,South India,Coorg
Medium,3,Winter,Solo,Historical,South India,Hyderabad
High,3,Monsoon,Friends,Adventure,South India,Coorg
High,3,Winter,Solo,Historical,North India,Jaipur
Low,4,Spring,Friends,Adventure,North India,Rishikesh
Low,4,Spring,Couple,Mountains,South India,Ooty
Medium,3,Winter,Couple,Historical,North India,Jaipur
High,3,Monsoon,Couple,Adventure,South India,Coorg
Low,2,Winter,Friends,Historical,South India,Hyderabad
Low,5,Spring,Family,Mountains,South India,Ooty
High,7,Winter,Couple,Beach,East India,Andaman
High,7,Winter,Family,Beach,South India,Andaman
Medium,4,Monsoon,Friends,Nature,South India,Coorg
Low,4,Spring,Friends,Spiritual,North India,Rishikesh
Medium,4,Monsoon,Couple,Mountains,South India,Munnar
High,5,Winter,Family,Nature,South India,Munnar
High,7,Winter,Couple,Nature,North India,Kashmir
Medium,7,Winter,Couple,Adventure,North India,Manali
Medium,3,Winter,Solo,Historical,South India,Hyderabad
High,3,Winter,Couple,Beach,West India,Goa
Medium,5,Summer,Family,Nature,South India,Ooty
Low,2,Monsoon,Family,Nature,South India,Araku Valley
Low,3,Spring,Solo,Adventure,North India,Rishikesh
Low,3,Summer,Couple,Nature,South India,Ooty
High,7,Winter,Couple,Nature,North India,Kashmir
Medium,5,Monsoon,Couple,Nature,South India,Coorg
Low,2,Winter,Solo,Spiritual,North India,Varanasi
High,8,Winter,Couple,Mountains,North India,Kashmir
Medium,4,Summer,Couple,Mountains,South India,Ooty
Medium,5,Winter,Couple,Mountains,North India,Manali
High,6,Winter,Family,Historical,West India,Udaipur
Low,3,Winter,Family,Spiritual,North India,Varanasi
Medium,4,Winter,Friends,Adventure,West India,Goa
High,6,Winter,Friends,Mountains,North India,Manali
Low,3,Autumn,Family,Spiritual,North India,Varanasi
High,8,Winter,Couple,Nature,North India,Kashmir
Low,4,Autumn,Solo,Adventure,South India,Hyderabad
Medium,6,Winter,Couple,Mountains,North India,Manali
High,9,Winter,Friends,Beach,South India,Andaman
Low,2,Winter,Solo,Spiritual,North India,Varanasi
Medium,3,Winter,Friends,Adventure,South India,Coorg
High,4,Winter,Couple,Historical,North India,Udaipur
Low,2,Winter,Friends,Adventure,South India,Hyderabad
High,3,Winter,Friends,Beach,West India,Goa
Medium,5,Spring,Couple,Mountains,East India,Darjeeling
Low,6,Summer,Solo,Spiritual,North India,Rishikesh
Medium,5,Winter,Couple,Historical,North India,Udaipur
Low,3,Autumn,Solo,Spiritual,North India,Varanasi
High,8,Winter,Couple,Mountains,North India,Kashmir
Medium,6,Summer,Couple,Mountains,North India,Manali
Medium,3,Monsoon,Friends,Nature,South India,Coorg
Medium,3,Winter,Couple,Historical,North India,Udaipur
Medium,4,Winter,Solo,Historical,South India,Hyderabad
Low,4,Winter,Friends,Adventure,South India,Hyderabad
Medium,5,Winter,Couple,Mountains,South India,Munnar
Medium,7,Spring,Solo,Mountains,East India,Darjeeling
Medium,5,Monsoon,Couple,Nature,South India,Coorg
Low,3,Summer,Couple,Nature,South India,Ooty
Medium,6,Monsoon,Couple,Mountains,South India,Munnar
High,7,Spring,Family,Adventure,South India,Andaman
High,8,Spring,Couple,Beach,South India,Andaman
Medium,2,Autumn,Family,Spiritual,North India,Varanasi
Medium,3,Monsoon,Couple,Nature,South India,Coorg
Medium,4,Winter,Family,Mountains,South India,Munnar
Medium,4,Summer,Friends,Adventure,North India,Rishikesh
Medium,5,Summer,Friends,Mountains,North India,Manali
High,6,Winter,Friends,Beach,West India,Goa
Medium,5,Winter,Couple,Mountains,North India,Manali
Low,2,Autumn,Solo,Spiritual,South India,Mysore
Low,5,Autumn,Solo,Spiritual,North India,Rishikesh
Medium,5,Winter,Couple,Mountains,North India,Manali
High,5,Spring,Family,Nature,West India,Udaipur
High,9,Summer,Family,Nature,North India,Kashmir
Medium,4,Autumn,Family,Mountains,Northeast India,Darjeeling
Medium,4,Spring,Solo,Mountains,Northeast India,Darjeeling
High,6,Monsoon,Friends,Beach,West India,Goa
Medium,2,Winter,Couple,Nature,South India,Araku Valley
High,6,Winter,Couple,Mountains,North India,Kashmir
Medium,3,Monsoon,Friends,Nature,South India,Coorg
Low,2,Monsoon,Family,Nature,South India,Araku Valley
Medium,5,Winter,Friends,Beach,West India,Goa
High,8,Spring,Friends,Beach,East India,Andaman
Low,4,Autumn,Solo,Spiritual,South India,Mysore
High,4,Spring,Family,Historical,North India,Udaipur
Medium,7,Summer,Friends,Mountains,North India,Manali
High,4,Winter,Couple,Nature,West India,Udaipur
Low,3,Monsoon,Couple,Nature,South India,Araku Valley
High,8,Spring,Friends,Adventure,East India,Andaman
Low,3,Autumn,Solo,Historical,South India,Mysore
Medium,3,Winter,Solo,Spiritual,North India,Varanasi
Medium,6,Spring,Couple,Nature,South India,Ooty
High,5,Autumn,Family,Nature,East India,Darjeeling
Medium,3,Winter,Couple,Nature,South India,Munnar
Low,5,Spring,Friends,Adventure,North India,Rishikesh
Medium,5,Winter,Family,Mountains,South India,Munnar
High,6,Winter,Couple,Adventure,South India,Andaman
High,5,Monsoon,Family,Mountains,South India,Munnar
Medium,5,Summer,Family,Mountains,South India,Ooty
High,8,Summer,Couple,Mountains,North India,Kashmir
Medium,3,Monsoon,Couple,Nature,South India,Coorg
Low,4,Autumn,Friends,Adventure,North India,Rishikesh
High,5,Winter,Couple,Nature,West India,Udaipur
Medium,4,Summer,Solo,Adventure,North India,Rishikesh
Medium,5,Spring,Family,Mountains,Northeast India,Darjeeling
Low,4,Winter,Family,Nature,South India,Araku Valley
High,7,Winter,Couple,Mountains,North India,Manali
Low,3,Winter,Family,Wildlife,South India,Araku Valley
Low,3,Winter,Family,Spiritual,North India,Varanasi
Medium,4,Winter,Couple,Beach,West India,Goa
High,4,Autumn,Couple,Mountains,East India,Darjeeling
High,7,Spring,Friends,Beach,East India,Andaman
Medium,6,Winter,Couple,Mountains,South India,Munnar
Low,4,Winter,Family,Nature,South India,Araku Valley
Medium,5,Spring,Family,Historical,North India,Jaipur
High,6,Winter,Family,Historical,West India,Udaipur
High,6,Winter,Friends,Adventure,West India,Goa
Medium,4,Summer,Family,Nature,South India,Ooty
Low,2,Winter,Solo,Spiritual,North India,Varanasi
High,8,Winter,Solo,Mountains,North India,Manali
High,3,Spring,Family,Historical,West India,Udaipur
Low,3,Spring,Friends,Adventure,North India,Rishikesh
High,6,Summer,Solo,Mountains,North India,Manali
High,4,Spring,Family,Historical,West India,Udaipur
High,8,Winter,Family,Mountains,North India,Kashmir
Medium,3,Autumn,Friends,Historical,South India,Hyderabad
Low,2,Autumn,Family,Wildlife,South India,Araku Valley
Medium,3,Spring,Family,Mountains,South India,Ooty
Medium,3,Monsoon,Couple,Nature,South India,Araku Valley
Medium,3,Winter,Family,Historical,South India,Mysore
High,6,Spring,Family,Nature,West India,Udaipur
High,4,Spring,Family,Mountains,Northeast India,Darjeeling
Medium,4,Winter,Couple,Historical,North India,Udaipur
Low,4,Winter,Family,Nature,South India,Araku Valley
Low,3,Autumn,Family,Spiritual,North India,Varanasi
Medium,7,Summer,Solo,Adventure,North India,Manali
High,8,Spring,Couple,Beach,East India,Andaman
Low,6,Summer,Couple,Mountains,South India,Ooty
High,3,Winter,Family,Historical,North India,Jaipur
Low,4,Winter,Friends,Beach,West India,Goa
Low,4,Spring,Solo,Adventure,North India,Rishikesh
Medium,6,Spring,Family,Nature,East India,Darjeeling
Medium,2,Winter,Solo,Adventure,South India,Hyderabad
Medium,3,Autumn,Family,Nature,South India,Araku Valley
High,8,Winter,Family,Adventure,East India,Andaman
Medium,4,Winter,Couple,Nature,South India,Munnar
Medium,2,Winter,Solo,Historical,South India,Hyderabad
Medium,6,Summer,Couple,Mountains,North India,Manali
Medium,4,Winter,Family,Historical,North India,Jaipur
Medium,3,Winter,Family,Historical,North India,Jaipur
High,7,Summer,Couple,Nature,North India,Kashmir
Low,2,Autumn,Solo,Spiritual,North India,Varanasi
Medium,6,Winter,Friends,Beach,West India,Goa
Low,2,Winter,Solo,Spiritual,North India,Varanasi
Low,4,Autumn,Solo,Historical,South India,Hyderabad
High,7,Spring,Friends,Mountains,North India,Manali
Low,2,Winter,Solo,Spiritual,North India,Varanasi
High,3,Spring,Family,Historical,North India,Udaipur
Medium,6,Spring,Solo,Nature,East India,Darjeeling
Medium,3,Autumn,Solo,Historical,South India,Hyderabad
Low,2,Autumn,Friends,Historical,South India,Hyderabad
Medium,2,Autumn,Solo,Spiritual,South India,Mysore
Medium,5,Summer,Couple,Mountains,South India,Ooty
High,7,Spring,Friends,Beach,East India,Andaman
Medium,3,Winter,Family,Historical,North India,Jaipur
Medium,4,Spring,Couple,Historical,North India,Udaipur
High,4,Winter,Family,Historical,West India,Udaipur
Medium,7,Summer,Solo,Mountains,North India,Manali
Medium,7,Summer,Friends,Mountains,North India,Manali
Medium,5,Monsoon,Couple,Mountains,South India,Munnar
Medium,3,Monsoon,Couple,Nature,South India,Coorg
Medium,2,Winter,Solo,Adventure,South India,Hyderabad
High,3,Winter,Family,Historical,North India,Jaipur
High,7,Spring,Couple,Beach,East India,Andaman
Medium,4,Monsoon,Couple,Mountains,South India,Munnar
Low,4,Autumn,Family,Nature,South India,Araku Valley
Medium,4,Spring,Friends,Adventure,North India,Rishikesh
Medium,3,Winter,Solo,Historical,South India,Hyderabad
Medium,5,Spring,Family,Nature,Northeast India,Darjeeling
Medium,4,Autumn,Friends,Adventure,South India,Hyderabad
Medium,5,Monsoon,Friends,Beach,West India,Goa
Low,4,Summer,Couple,Mountains,South India,Ooty
Medium,4,Monsoon,Couple,Nature,South India,Coorg
Low,2,Winter,Family,Historical,South India,Mysore
Medium,2,Spring,Couple,Spiritual,North India,Jaipur
Low,2,Autumn,Family,Spiritual,North India,Varanasi
Low,4,Summer,Solo,Spiritual,North India,Rishikesh
High,7,Summer,Family,Mountains,North India,Kashmir
High,7,Winter,Couple,Mountains,North India,Kashmir
Low,3,Summer,Couple,Nature,South India,Ooty
High,4,Spring,Family,Nature,West India,Udaipur
High,6,Summer,Couple,Adventure,North India,Manali
Low,3,Winter,Solo,Adventure,South India,Hyderabad
Low,3,Autumn,Solo,Spiritual,North India,Varanasi
Medium,3,Winter,Couple,Historical,North India,Jaipur
Medium,3,Monsoon,Couple,Nature,South India,Coorg
Low,3,Winter,Friends,Beach,West India,Goa
High,2,Monsoon,Friends,Adventure,South India,Coorg
Medium,6,Winter,Friends,Mountains,North India,Manali
Medium,3,Winter,Couple,Mountains,South India,Munnar
High,4,Winter,Couple,Historical,West India,Udaipur
High,5,Winter,Couple,Mountains,North India,Manali
High,5,Winter,Couple,Mountains,South India,Munnar
Medium,3,Winter,Family,Spiritual,North India,Jaipur
Medium,2,Monsoon,Couple,Adventure,South India,Coorg
Low,3,Monsoon,Couple,Wildlife,South India,Araku Valley
Low,2,Winter,Solo,Spiritual,North India,Varanasi
Low,2,Autumn,Solo,Adventure,South India,Hyderabad
Low,3,Autumn,Family,Spiritual,North India,Varanasi
Medium,6,Winter,Couple,Beach,West India,Goa
Medium,3,Winter,Family,Nature,South India,Araku Valley
Low,3,Winter,Friends,Historical,South India,Hyderabad
High,5,Spring,Family,Mountains,East India,Darjeeling
Medium,2,Winter,Couple,Adventure,South India,Coorg
High,3,Winter,Couple,Beach,West India,Goa
Low,4,Autumn,Solo,Adventure,North India,Rishikesh
Low,2,Monsoon,Couple,Nature,South India,Araku Valley
Medium,4,Winter,Couple,Historical,West India,Udaipur
Medium,5,Spring,Family,Mountains,East India,Darjeeling
Medium,4,Winter,Couple,Historical,North India,Jaipur
Medium,3,Summer,Family,Mountains,South India,Ooty
Low,2,Winter,Solo,Historical,South India,Hyderabad
Medium,4,Winter,Friends,Beach,West India,Goa
Low,4,Spring,Family,Mountains,South India,Ooty
High,4,Spring,Couple,Spiritual,North India,Jaipur
High,7,Winter,Family,Beach,East India,Andaman
High,7,Winter,Couple,Mountains,North India,Kashmir
Low,3,Winter,Solo,Historical,South India,Hyderabad
High,4,Winter,Friends,Adventure,South India,Coorg
Low,3,Autumn,Solo,Historical,South India,Hyderabad
Medium,5,Spring,Couple,Mountains,Northeast India,Darjeeling
Medium,3,Winter,Family,Nature,South India,Araku Valley
Medium,6,Spring,Couple,Historical,North India,Udaipur
Medium,4,Winter,Couple,Nature,South India,Munnar
High,5,Winter,Friends,Mountains,North India,Manali
High,6,Winter,Family,Mountains,South India,Munnar
Medium,5,Winter,Couple,Mountains,South India,Munnar
Low,4,Spring,Family,Mountains,South India,Ooty
Medium,5,Monsoon,Couple,Nature,South India,Coorg
Medium,4,Summer,Friends,Adventure,North India,Rishikesh
High,7,Summer,Couple,Nature,North India,Kashmir
High,7,Spring,Couple,Adventure,South India,Andaman
Medium,3,Winter,Family,Spiritual,North India,Varanasi
High,4,Winter,Family,Spiritual,North India,Jaipur
High,3,Monsoon,Couple,Nature,South India,Coorg
High,9,Winter,Couple,Mountains,North India,Kashmir
High,9,Winter,Family,Mountains,North India,Kashmir
Medium,6,Winter,Couple,Mountains,South India,Munnar
High,7,Winter,Friends,Adventure,North India,Manali
Low,3,Winter,Solo,Historical,South India,Mysore
High,4,Spring,Family,Historical,North India,Jaipur
Medium,5,Winter,Couple,Nature,South India,Munnar
High,6,Winter,Couple,Nature,North India,Kashmir
Medium,3,Winter,Couple,Adventure,South India,Coorg
Low,4,Autumn,Solo,Adventure,South India,Hyderabad
Low,4,Autumn,Family,Nature,South India,Araku Valley
High,8,Winter,Couple,Mountains,North India,Kashmir
High,8,Spring,Couple,Mountains,North India,Manali
Low,3,Autumn,Family,Nature,South India,Araku Valley
Medium,5,Winter,Family,Mountains,South India,Munnar
Medium,4,Monsoon,Family,Mountains,South India,Munnar
Medium,6,Autumn,Family,Nature,Northeast India,Darjeeling
High,3,Winter,Friends,Nature,South India,Coorg
High,7,Summer,Couple,Nature,North India,Kashmir
Medium,5,Winter,Couple,Nature,South India,Coorg
Medium,5,Spring,Couple,Spiritual,North India,Jaipur
Low,3,Monsoon,Couple,Wildlife,South India,Araku Valley
Low,3,Autumn,Solo,Adventure,South India,Hyderabad
High,4,Autumn,Family,Nature,East India,Darjeeling
Medium,4,Autumn,Solo,Historical,South India,Hyderabad
High,6,Summer,Friends,Adventure,North India,Manali
Medium,8,Summer,Friends,Adventure,North India,Manali
Low,2,Winter,Solo,Historical,South India,Hyderabad
Medium,5,Spring,Couple,Mountains,East India,Darjeeling
Medium,6,Spring,Solo,Mountains,East India,Darjeeling
Medium,5,Monsoon,Couple,Mountains,South India,Munnar
Medium,4,Summer,Solo,Adventure,West India,Goa
High,6,Spring,Couple,Nature,West India,Udaipur
High,6,Summer,Couple,Beach,West India,Goa
Medium,6,Spring,Couple,Nature,Northeast India,Darjeeling
Medium,8,Winter,Couple,Adventure,North India,Manali
Medium,5,Winter,Couple,Adventure,North India,Manali
Low,2,Winter,Solo,Spiritual,North India,Varanasi
Medium,3,Winter,Family,Spiritual,South India,Mysore
High,7,Winter,Family,Adventure,South India,Andaman
High,6,Spring,Solo,Mountains,East India,Darjeeling
Medium,5,Spring,Solo,Adventure,North India,Rishikesh
High,8,Summer,Family,Mountains,North India,Kashmir
Medium,5,Autumn,Solo,Mountains,East India,Darjeeling
High,6,Monsoon,Couple,Mountains,South India,Munnar
Low,3,Autumn,Family,Spiritual,North India,Varanasi
Low,2,Monsoon,Family,Nature,South India,Araku Valley
Medium,6,Winter,Friends,Adventure,North India,Manali
High,5,Monsoon,Friends,Beach,West India,Goa
Medium,6,Autumn,Solo,Nature,Northeast India,Darjeeling
Medium,4,Monsoon,Family,Mountains,South India,Munnar
Low,3,Spring,Couple,Nature,South India,Ooty
Medium,4,Spring,Family,Mountains,South India,Ooty
Medium,4,Winter,Family,Historical,North India,Jaipur
Medium,5,Autumn,Family,Mountains,East India,Darjeeling
Low,4,Winter,Family,Spiritual,North India,Varanasi
Medium,4,Spring,Friends,Adventure,North India,Rishikesh
Medium,5,Spring,Family,Nature,East India,Darjeeling
Low,3,Autumn,Solo,Spiritual,North India,Varanasi
Low,4,Summer,Couple,Nature,South India,Ooty
Medium,2,Winter,Family,Historical,North India,Jaipur
Medium,5,Winter,Friends,Beach,West India,Goa
High,8,Winter,Family,Mountains,North India,Kashmir
Medium,4,Monsoon,Couple,Nature,South India,Munnar
High,8,Summer,Couple,Mountains,North India,Kashmir
High,5,Spring,Solo,Mountains,East India,Darjeeling
Medium,6,Spring,Couple,Nature,Northeast India,Darjeeling
High,9,Summer,Family,Mountains,North India,Kashmir
Medium,4,Autumn,Friends,Spiritual,North India,Rishikesh
Low,3,Winter,Family,Spiritual,North India,Varanasi
Low,4,Spring,Couple,Mountains,South India,Ooty
Medium,2,Winter,Family,Historical,North India,Jaipur
Medium,3,Winter,Couple,Historical,North India,Jaipur
Medium,7,Winter,Couple,Mountains,North India,Manali
Medium,6,Winter,Friends,Adventure,North India,Manali
High,7,Winter,Couple,Beach,West India,Goa
High,6,Winter,Friends,Beach,West India,Goa
Medium,4,Winter,Couple,Beach,West India,Goa
Medium,3,Winter,Couple,Historical,North India,Jaipur
Medium,6,Winter,Couple,Mountains,North India,Manali
Medium,2,Winter,Couple,Historical,North India,Jaipur
High,8,Winter,Family,Mountains,North India,Kashmir
Medium,3,Winter,Family,Spiritual,South India,Mysore
Low,2,Winter,Friends,Adventure,South India,Hyderabad
Low,6,Spring,Family,Nature,South India,Ooty
High,8,Summer,Family,Mountains,North India,Kashmir
High,8,Summer,Friends,Mountains,North India,Manali
Low,4,Autumn,Friends,Spiritual,North India,Rishikesh
Medium,5,Summer,Friends,Adventure,North India,Manali
Medium,3,Monsoon,Family,Nature,South India,Araku Valley
Low,3,Winter,Family,Nature,South India,Araku Valley
Medium,2,Winter,Couple,Historical,North India,Jaipur
High,8,Winter,Couple,Mountains,North India,Kashmir
High,7,Summer,Family,Nature,North India,Kashmir
Medium,4,Spring,Family,Mountains,South India,Ooty
High,4,Winter,Family,Spiritual,North India,Jaipur
Low,3,Winter,Family,Nature,South India,Araku Valley
High,8,Winter,Couple,Mountains,North India,Manali
High,7,Winter,Family,Mountains,North India,Kashmir
Low,5,Monsoon,Friends,Adventure,West India,Goa
High,3,Winter,Couple,Nature,South India,Coorg
Medium,4,Winter,Couple,Nature,North India,Udaipur
High,4,Winter,Family,Nature,West India,Udaipur
Medium,5,Autumn,Solo,Adventure,North India,Rishikesh
High,7,Winter,Family,Adventure,South India,Andaman
Medium,6,Summer,Friends,Adventure,North India,Manali
Medium,3,Spring,Couple,Nature,South India,Ooty
High,10,Spring,Couple,Adventure,South India,Andaman
High,5,Winter,Solo,Mountains,North India,Manali
High,5,Monsoon,Couple,Beach,West India,Goa
Low,3,Autumn,Solo,Spiritual,South India,Mysore
High,7,Winter,Friends,Mountains,North India,Manali
High,6,Summer,Couple,Nature,North India,Kashmir
Medium,2,Winter,Friends,Nature,South India,Coorg
High,8,Summer,Couple,Mountains,North India,Kashmir
Low,3,Autumn,Solo,Historical,South India,Mysore
High,3,Winter,Couple,Adventure,South India,Coorg
Medium,5,Monsoon,Friends,Beach,West India,Goa
Medium,3,Winter,Solo,Historical,South India,Hyderabad
High,5,Summer,Friends,Mountains,North India,Manali
Low,2,Winter,Family,Historical,South India,Mysore
High,6,Spring,Family,Adventure,South India,Andaman
Medium,6,Autumn,Solo,Mountains,Northeast India,Darjeeling
High,3,Spring,Family,Historical,North India,Jaipur
Medium,3,Winter,Friends,Adventure,West India,Goa
Low,2,Autumn,Family,Historical,South India,Mysore
High,4,Monsoon,Friends,Beach,West India,Goa
Low,2,Winter,Couple,Wildlife,South India,Araku Valley
Low,5,Monsoon,Couple,Beach,West India,Goa
High,9,Winter,Couple,Adventure,East India,Andaman
Low,4,Winter,Couple,Nature,South India,Araku Valley
High,3,Monsoon,Family,Mountains,South India,Munnar
Medium,5,Winter,Couple,Mountains,South India,Munnar
Low,4,Spring,Solo,Spiritual,North India,Rishikesh
High,8,Summer,Couple,Nature,North India,Kashmir
Medium,4,Autumn,Solo,Adventure,North India,Rishikesh
High,3,Monsoon,Friends,Adventure,South India,Coorg
Medium,5,Spring,Couple,Mountains,Northeast India,Darjeeling
High,7,Spring,Couple,Beach,East India,Andaman
High,8,Winter,Couple,Mountains,North India,Manali
Medium,3,Autumn,Family,Historical,South India,Mysore
Medium,4,Spring,Family,Spiritual,North India,Jaipur
Low,4,Winter,Friends,Adventure,West India,Goa
Low,2,Winter,Solo,Adventure,South India,Hyderabad
Low,4,Autumn,Family,Nature,South India,Araku Valley
Low,3,Winter,Friends,Historical,South India,Hyderabad
Low,4,Autumn,Solo,Spiritual,North India,Rishikesh
High,6,Spring,Friends,Adventure,North India,Manali
Low,3,Autumn,Solo,Adventure,South India,Hyderabad
Low,2,Autumn,Solo,Historical,South India,Hyderabad
Medium,3,Monsoon,Friends,Nature,South India,Coorg
Low,4,Autumn,Solo,Spiritual,North India,Rishikesh
High,5,Winter,Family,Historical,North India,Udaipur
Medium,3,Autumn,Solo,Historical,South India,Mysore
Medium,2,Winter,Solo,Historical,North India,Jaipur
Medium,3,Summer,Friends,Spiritual,North India,Rishikesh
Medium,3,Summer,Family,Nature,South India,Ooty
Medium,3,Autumn,Solo,Historical,South India,Mysore
Low,5,Summer,Couple,Mountains,South India,Ooty
Medium,4,Spring,Couple,Nature,West India,Udaipur
High,9,Spring,Family,Adventure,East India,Andaman
Low,4,Autumn,Solo,Spiritual,North India,Varanasi
Low,2,Autumn,Family,Spiritual,North India,Varanasi
Medium,3,Monsoon,Friends,Adventure,South India,Coorg
Medium,6,Spring,Couple,Nature,East India,Darjeeling
High,4,Summer,Friends,Adventure,West India,Goa
Medium,4,Spring,Solo,Mountains,Northeast India,Darjeeling
High,8,Summer,Couple,Nature,North India,Kashmir
Medium,4,Monsoon,Couple,Nature,South India,Araku Valley
High,8,Summer,Family,Mountains,North India,Kashmir
Low,4,Summer,Family,Mountains,South India,Ooty
Medium,3,Autumn,Family,Historical,South India,Mysore
Medium,5,Winter,Couple,Mountains,South India,Munnar
High,7,Summer,Family,Nature,North India,Kashmir
Medium,6,Winter,Solo,Mountains,North India,Manali
Low,2,Winter,Solo,Historical,South India,Hyderabad
Low,6,Winter,Friends,Beach,West India,Goa
Medium,5,Monsoon,Family,Mountains,South India,Munnar
Low,4,Summer,Family,Nature,South India,Ooty
High,4,Autumn,Couple,Mountains,Northeast India,Darjeeling
Medium,5,Autumn,Solo,Spiritual,North India,Rishikesh
High,6,Summer,Couple,Mountains,North India,Kashmir
High,4,Spring,Couple,Historical,West India,Udaipur
Medium,4,Summer,Friends,Spiritual,North India,Rishikesh
Medium,4,Winter,Family,Historical,South India,Mysore
High,6,Winter,Friends,Beach,West India,Goa
Medium,2,Winter,Friends,Historical,South India,Hyderabad
High,6,Summer,Couple,Mountains,North India,Kashmir
Low,3,Winter,Family,Spiritual,North India,Varanasi
Medium,5,Spring,Couple,Mountains,East India,Darjeeling
Medium,3,Winter,Friends,Beach,West India,Goa
Medium,5,Winter,Family,Nature,South India,Munnar
High,4,Winter,Couple,Beach,West India,Goa
High,5,Summer,Couple,Beach,West India,Goa
Low,4,Autumn,Solo,Adventure,North India,Rishikesh
Low,3,Summer,Couple,Mountains,South India,Ooty
High,5,Spring,Family,Mountains,East India,Darjeeling
Medium,3,Spring,Friends,Adventure,North India,Rishikesh
Low,2,Winter,Friends,Historical,South India,Hyderabad
Low,4,Summer,Family,Mountains,South India,Ooty
Medium,5,Monsoon,Couple,Mountains,South India,Munnar
Medium,3,Monsoon,Family,Mountains,South India,Munnar
Low,3,Summer,Couple,Nature,South India,Ooty
Medium,3,Winter,Solo,Adventure,South India,Hyderabad
High,6,Autumn,Family,Nature,East India,Darjeeling
Low,3,Winter,Friends,Historical,South India,Hyderabad
Low,2,Winter,Family,Nature,South India,Araku Valley
Medium,2,Winter,Family,Historical,North India,Jaipur
Low,3,Autumn,Family,Spiritual,North India,Varanasi
Low,3,Winter,Family,Spiritual,North India,Varanasi
High,5,Winter,Couple,Mountains,South India,Munnar
Low,3,Autumn,Friends,Adventure,South India,Hyderabad
High,6,Autumn,Solo,Mountains,East India,Darjeeling
High,9,Winter,Family,Mountains,North India,Kashmir
Low,3,Winter,Solo,Spiritual,North India,Varanasi
High,5,Winter,Friends,Beach,West India,Goa
Medium,5,Spring,Couple,Nature,East India,Darjeeling
High,4,Winter,Family,Spiritual,North India,Jaipur
Low,2,Winter,Family,Nature,South India,Araku Valley
Medium,4,Winter,Couple,Historical,North India,Udaipur
High,4,Spring,Family,Spiritual,North India,Jaipur
Medium,4,Winter,Friends,Adventure,South India,Coorg
High,3,Winter,Couple,Historical,North India,Udaipur
High,5,Spring,Couple,Nature,East India,Darjeeling
High,4,Winter,Couple,Historical,North India,Udaipur
High,8,Summer,Couple,Mountains,North India,Kashmir
Low,2,Winter,Family,Spiritual,South India,Mysore
Low,4,Summer,Couple,Mountains,South India,Ooty
Medium,3,Monsoon,Solo,Beach,West India,Goa
High,7,Summer,Family,Mountains,North India,Kashmir
Low,3,Winter,Solo,Spiritual,North India,Varanasi
High,5,Monsoon,Family,Mountains,South India,Munnar
Low,3,Winter,Family,Spiritual,South India,Mysore
High,5,Autumn,Couple,Nature,East India,Darjeeling
High,8,Winter,Family,Beach,South India,Andaman
High,6,Monsoon,Family,Mountains,South India,Munnar
Medium,3,Winter,Solo,Historical,North India,Jaipur
High,9,Spring,Couple,Beach,East India,Andaman
Medium,3,Monsoon,Family,Nature,South India,Araku Valley
Medium,5,Monsoon,Couple,Adventure,South India,Coorg
Medium,3,Autumn,Family,Historical,South India,Mysore
Medium,4,Monsoon,Solo,Adventure,West India,Goa
Low,4,Winter,Family,Nature,South India,Araku Valley
Medium,6,Winter,Couple,Mountains,South India,Munnar
High,8,Winter,Couple,Adventure,East India,Andaman
Medium,4,Winter,Family,Historical,North India,Jaipur
Medium,5,Winter,Couple,Nature,South India,Munnar
Low,3,Spring,Couple,Nature,South India,Ooty
High,4,Winter,Friends,Beach,West India,Goa
Medium,4,Spring,Family,Mountains,East India,Darjeeling
Medium,5,Monsoon,Couple,Mountains,South India,Munnar
High,8,Winter,Couple,Beach,South India,Andaman
High,7,Spring,Family,Beach,South India,Andaman
Medium,6,Summer,Couple,Mountains,North India,Manali
Low,5,Spring,Friends,Spiritual,North India,Rishikesh
Low,4,Autumn,Solo,Adventure,North India,Rishikesh
Medium,4,Winter,Solo,Spiritual,North India,Varanasi
Medium,3,Summer,Couple,Mountains,South India,Ooty
High,9,Summer,Couple,Nature,North India,Kashmir
High,4,Monsoon,Couple,Beach,West India,Goa
High,2,Winter,Solo,Historical,North India,Jaipur
Medium,3,Monsoon,Friends,Nature,South India,Coorg
Low,2,Autumn,Family,Spiritual,South India,Mysore
Medium,4,Summer,Family,Mountains,South India,Ooty
High,4,Winter,Family,Historical,West India,Udaipur
Low,2,Autumn,Solo,Historical,South India,Mysore
High,3,Winter,Couple,Historical,North India,Jaipur
Medium,6,Monsoon,Couple,Beach,West India,Goa
Medium,4,Winter,Solo,Historical,South India,Hyderabad
High,4,Winter,Friends,Adventure,South India,Coorg
Medium,6,Spring,Family,Nature,East India,Darjeeling
Medium,3,Autumn,Couple,Nature,South India,Araku Valley
High,5,Monsoon,Couple,Mountains,South India,Munnar
High,5,Spring,Couple,Nature,East India,Darjeeling
Medium,5,Autumn,Family,Mountains,East India,Darjeeling
Medium,4,Winter,Solo,Beach,West India,Goa
Medium,3,Autumn,Friends,Adventure,North India,Rishikesh
High,3,Spring,Family,Historical,West India,Udaipur
High,7,Winter,Couple,Beach,East India,Andaman
Low,2,Winter,Solo,Adventure,South India,Hyderabad
Medium,3,Autumn,Solo,Adventure,South India,Hyderabad
Low,3,Autumn,Solo,Spiritual,South India,Mysore
High,4,Winter,Couple,Mountains,South India,Munnar
Low,2,Winter,Solo,Spiritual,North India,Varanasi
Low,2,Winter,Family,Spiritual,North India,Varanasi
Medium,5,Summer,Friends,Adventure,West India,Goa
High,6,Monsoon,Friends,Beach,West India,Goa
Medium,5,Monsoon,Couple,Mountains,South India,Munnar
High,8,Spring,Friends,Beach,East India,Andaman
Medium,6,Spring,Solo,Nature,East India,Darjeeling
Low,2,Autumn,Solo,Spiritual,South India,Mysore
Medium,5,Summer,Family,Nature,South India,Ooty
Medium,2,Winter,Couple,Adventure,South India,Coorg
Medium,6,Spring,Friends,Adventure,North India,Rishikesh
Low,3,Autumn,Solo,Adventure,North India,Rishikesh
Medium,3,Winter,Couple,Nature,South India,Coorg
Medium,4,Spring,Solo,Adventure,North India,Rishikesh
High,3,Monsoon,Friends,Nature,South India,Coorg
Low,4,Autumn,Friends,Historical,South India,Hyderabad
High,8,Winter,Friends,Adventure,South India,Andaman
Medium,4,Winter,Solo,Historical,North India,Jaipur
Medium,5,Winter,Friends,Beach,West India,Goa
High,8,Winter,Couple,Beach,East India,Andaman
High,3,Winter,Couple,Nature,West India,Udaipur
Medium,5,Winter,Family,Historical,North India,Jaipur
Medium,3,Summer,Family,Mountains,South India,Ooty
Low,2,Winter,Solo,Spiritual,North India,Varanasi
High,4,Winter,Family,Spiritual,North India,Jaipur
Low,3,Winter,Friends,Historical,South India,Hyderabad
Low,2,Autumn,Solo,Spiritual,South India,Mysore
High,2,Winter,Couple,Adventure,South India,Coorg
High,4,Winter,Family,Mountains,South India,Munnar
Medium,5,Summer,Family,Mountains,South India,Ooty
High,7,Summer,Family,Mountains,North India,Kashmir
Medium,2,Winter,Couple,Historical,North India,Jaipur
High,6,Summer,Couple,Mountains,North India,Kashmir
Medium,3,Winter,Solo,Historical,South India,Mysore
High,3,Winter,Family,Historical,North India,Jaipur
Low,4,Spring,Friends,Adventure,North India,Rishikesh
High,5,Spring,Couple,Historical,North India,Jaipur
High,8,Summer,Couple,Mountains,North India,Kashmir
Medium,2,Winter,Family,Nature,South India,Araku Valley
High,4,Winter,Solo,Historical,North India,Jaipur
Medium,3,Winter,Couple,Nature,West India,Udaipur
Medium,5,Monsoon,Couple,Nature,South India,Munnar
Medium,6,Winter,Family,Mountains,South India,Munnar
Medium,5,Summer,Family,Nature,South India,Ooty
High,7,Summer,Couple,Nature,North India,Kashmir
High,4,Winter,Couple,Historical,West India,Udaipur
Low,5,Winter,Friends,Adventure,West India,Goa
Medium,5,Winter,Couple,Nature,South India,Munnar
Medium,5,Spring,Couple,Nature,South India,Ooty
Medium,5,Spring,Couple,Historical,West India,Udaipur
High,9,Winter,Couple,Beach,South India,Andaman
Medium,7,Summer,Friends,Mountains,North India,Manali
High,8,Summer,Family,Mountains,North India,Kashmir
Low,2,Winter,Solo,Spiritual,North India,Varanasi
Medium,3,Winter,Solo,Adventure,South India,Hyderabad
Low,2,Autumn,Family,Historical,South India,Mysore
High,3,Winter,Family,Mountains,South India,Munnar
Medium,4,Summer,Family,Nature,South India,Ooty
Medium,4,Spring,Couple,Mountains,South India,Ooty
Medium,4,Winter,Couple,Mountains,South India,Munnar
Low,3,Winter,Family,Nature,South India,Araku Valley
Medium,7,Monsoon,Friends,Beach,West India,Goa
Low,3,Autumn,Family,Spiritual,North India,Varanasi
Medium,7,Summer,Friends,Adventure,North India,Manali
High,7,Winter,Couple,Nature,North India,Kashmir
Medium,4,Winter,Friends,Nature,South India,Coorg
High,4,Winter,Couple,Nature,West India,Udaipur
Medium,4,Monsoon,Friends,Adventure,South India,Coorg
High,7,Summer,Family,Mountains,North India,Kashmir
Medium,3,Winter,Solo,Historical,South India,Hyderabad
Low,2,Autumn,Solo,Historical,South India,Hyderabad
Low,3,Monsoon,Family,Nature,South India,Araku Valley
Low,3,Monsoon,Family,Nature,South India,Araku Valley
High,5,Autumn,Family,Mountains,East India,Darjeeling
High,4,Winter,Friends,Nature,South India,Coorg
High,8,Winter,Family,Beach,South India,Andaman
Low,4,Summer,Friends,Spiritual,North India,Rishikesh
Medium,4,Spring,Couple,Mountains,East India,Darjeeling
Medium,2,Autumn,Couple,Nature,South India,Araku Valley
Medium,3,Summer,Family,Mountains,South India,Ooty
Medium,5,Winter,Couple,Mountains,South India,Munnar
High,4,Autumn,Couple,Mountains,Northeast India,Darjeeling
High,8,Winter,Friends,Beach,South India,Andaman
Medium,5,Autumn,Family,Nature,East India,Darjeeling
Low,3,Winter,Family,Nature,South India,Araku Valley
Low,3,Winter,Family,Spiritual,North India,Varanasi
High,4,Winter,Couple,Nature,West India,Udaipur
High,6,Winter,Couple,Adventure,North India,Manali
Medium,5,Monsoon,Couple,Nature,South India,Munnar
High,7,Winter,Couple,Beach,South India,Andaman
Medium,4,Autumn,Solo,Historical,South India,Hyderabad
Medium,5,Monsoon,Solo,Beach,West India,Goa
Medium,6,Winter,Couple,Mountains,North India,Manali
High,8,Spring,Couple,Adventure,South India,Andaman
Medium,2,Autumn,Family,Spiritual,North India,Varanasi
Medium,3,Monsoon,Couple,Adventure,South India,Coorg
Medium,3,Winter,Family,Historical,North India,Jaipur
Medium,2,Autumn,Solo,Spiritual,South India,Mysore
Medium,2,Winter,Couple,Historical,North India,Jaipur
High,5,Winter,Couple,Nature,South India,Munnar
Low,2,Winter,Family,Historical,South India,Mysore
Medium,5,Autumn,Family,Mountains,Northeast India,Darjeeling
Medium,3,Spring,Couple,Mountains,South India,Ooty
High,5,Spring,Couple,Historical,North India,Udaipur
Medium,4,Spring,Family,Nature,Northeast India,Darjeeling
Low,2,Autumn,Family,Spiritual,North India,Varanasi
Low,6,Summer,Friends,Adventure,North India,Rishikesh
Low,2,Winter,Couple,Nature,South India,Araku Valley
Medium,3,Winter,Family,Nature,South India,Araku Valley
Medium,3,Winter,Couple,Mountains,South India,Munnar
Medium,5,Autumn,Family,Nature,East India,Darjeeling
Medium,5,Spring,Family,Mountains,Northeast India,Darjeeling
High,6,Spring,Couple,Historical,West India,Udaipur
Medium,6,Spring,Couple,Adventure,North India,Manali
Low,3,Winter,Friends,Adventure,West India,Goa
Low,3,Autumn,Friends,Historical,South India,Hyderabad
Medium,5,Spring,Couple,Mountains,East India,Darjeeling
Medium,2,Monsoon,Couple,Nature,South India,Coorg
Low,4,Autumn,Solo,Historical,South India,Mysore
High,9,Spring,Family,Adventure,South India,Andaman
High,8,Winter,Family,Mountains,North India,Kashmir
Medium,2,Monsoon,Friends,Nature,South India,Coorg
Medium,4,Monsoon,Friends,Adventure,South India,Coorg
Medium,8,Winter,Couple,Mountains,North India,Manali
High,5,Spring,Family,Nature,West India,Udaipur
Low,3,Spring,Couple,Nature,South India,Ooty
High,8,Winter,Family,Mountains,North India,Kashmir
High,8,Winter,Family,Beach,East India,Andaman
Low,3,Monsoon,Family,Nature,South India,Araku Valley
High,7,Winter,Family,Mountains,North India,Kashmir
Medium,4,Winter,Couple,Historical,North India,Jaipur
Medium,4,Spring,Family,Mountains,Northeast India,Darjeeling
High,7,Monsoon,Friends,Adventure,West India,Goa
Low,3,Summer,Solo,Adventure,North India,Rishikesh
Medium,6,Spring,Family,Mountains,East India,Darjeeling
Low,4,Spring,Solo,Adventure,North India,Rishikesh
Low,2,Winter,Couple,Nature,South India,Araku Valley
High,4,Monsoon,Friends,Adventure,South India,Coorg
Low,4,Winter,Solo,Historical,South India,Hyderabad
High,8,Winter,Couple,Beach,South India,Andaman
High,10,Winter,Couple,Beach,South India,Andaman
Low,2,Autumn,Solo,Spiritual,North India,Varanasi
Low,3,Winter,Family,Spiritual,South India,Mysore
Low,4,Winter,Solo,Historical,South India,Hyderabad
Low,4,Autumn,Family,Wildlife,South India,Araku Valley
High,3,Winter,Couple,Nature,South India,Coorg
Medium,2,Winter,Solo,Spiritual,South India,Mysore
Medium,5,Autumn,Solo,Spiritual,North India,Rishikesh
High,3,Winter,Couple,Nature,South India,Coorg
Medium,4,Winter,Couple,Beach,West India,Goa
Medium,5,Spring,Couple,Mountains,East India,Darjeeling
Medium,7,Monsoon,Friends,Adventure,West India,Goa
High,7,Winter,Friends,Adventure,South India,Andaman
Medium,6,Winter,Friends,Mountains,North India,Manali
Medium,7,Autumn,Couple,Nature,Northeast India,Darjeeling
High,4,Monsoon,Friends,Adventure,South India,Coorg
Low,3,Autumn,Family,Historical,South India,Mysore
Medium,4,Monsoon,Family,Nature,South India,Munnar
Low,4,Summer,Friends,Adventure,North India,Rishikesh
High,6,Summer,Couple,Nature,North India,Kashmir
Low,4,Autumn,Solo,Adventure,North India,Rishikesh
Medium,4,Winter,Couple,Historical,West India,Udaipur
Medium,2,Autumn,Friends,Adventure,South India,Hyderabad
Low,3,Winter,Couple,Nature,South India,Araku Valley
High,4,Winter,Couple,Beach,West India,Goa
Low,4,Autumn,Friends,Spiritual,North India,Rishikesh
Medium,6,Winter,Couple,Beach,West India,Goa
Medium,4,Summer,Couple,Mountains,South India,Ooty
Low,2,Autumn,Solo,Historical,South India,Mysore
High,7,Summer,Couple,Nature,North India,Kashmir
High,7,Winter,Family,Mountains,North India,Kashmir
Medium,3,Winter,Friends,Beach,West India,Goa
Medium,3,Winter,Family,Nature,South India,Munnar
Low,2,Winter,Family,Nature,South India,Araku Valley
High,7,Spring,Couple,Nature,East India,Darjeeling
High,8,Spring,Friends,Beach,East India,Andaman
Low,4,Winter,Solo,Spiritual,North India,Varanasi
Medium,2,Monsoon,Friends,Nature,South India,Coorg
High,4,Winter,Couple,Nature,West India,Udaipur
Low,5,Autumn,Solo,Adventure,North India,Rishikesh
Low,2,Monsoon,Family,Nature,South India,Araku Valley
Medium,4,Autumn,Friends,Historical,South India,Hyderabad
Medium,5,Winter,Family,Mountains,South India,Munnar
Medium,5,Winter,Family,Nature,South India,Munnar
High,8,Summer,Family,Mountains,North India,Kashmir
High,8,Winter,Couple,Beach,East India,Andaman
Medium,3,Spring,Family,Mountains,South India,Ooty
High,6,Winter,Couple,Mountains,North India,Kashmir
Medium,6,Winter,Friends,Mountains,North India,Manali
Medium,8,Winter,Friends,Mountains,North India,Manali
High,2,Spring,Couple,Historical,North India,Jaipur
Medium,4,Monsoon,Couple,Nature,South India,Coorg
Medium,4,Summer,Family,Mountains,South India,Ooty
High,6,Summer,Solo,Adventure,North India,Manali
Medium,2,Winter,Family,Historical,North India,Jaipur
Medium,5,Winter,Couple,Nature,South India,Munnar
Medium,4,Spring,Solo,Spiritual,North India,Rishikesh
Low,4,Spring,Solo,Adventure,North India,Rishikesh
Medium,6,Winter,Solo,Mountains,North India,Manali
Medium,5,Spring,Family,Mountains,South India,Ooty
Medium,2,Winter,Family,Historical,South India,Mysore
Low,4,Autumn,Solo,Historical,South India,Mysore
Medium,4,Autumn,Solo,Spiritual,North India,Varanasi
Low,3,Winter,Family,Nature,South India,Araku Valley
High,4,Winter,Friends,Beach,West India,Goa
Medium,4,Winter,Solo,Spiritual,North India,Varanasi
Medium,5,Spring,Family,Mountains,South India,Ooty
Medium,4,Summer,Couple,Nature,South India,Ooty
Medium,4,Spring,Family,Nature,Northeast India,Darjeeling
Medium,4,Winter,Couple,Mountains,South India,Munnar
Medium,4,Autumn,Family,Mountains,East India,Darjeeling
Medium,6,Winter,Couple,Mountains,South India,Munnar
Medium,5,Winter,Couple,Nature,South India,Munnar
Medium,2,Winter,Family,Historical,North India,Jaipur
Low,4,Winter,Solo,Spiritual,North India,Varanasi
Medium,7,Spring,Couple,Mountains,East India,Darjeeling
Medium,5,Winter,Couple,Nature,South India,Munnar
Medium,3,Autumn,Family,Historical,South India,Mysore
High,4,Winter,Couple,Historical,West India,Udaipur
High,8,Winter,Family,Mountains,North India,Kashmir
Low,3,Winter,Family,Wildlife,South India,Araku Valley
High,5,Winter,Couple,Beach,West India,Goa
Medium,3,Spring,Couple,Spiritual,North India,Jaipur
Low,2,Winter,Family,Nature,South India,Araku Valley
High,7,Spring,Couple,Adventure,East India,Andaman
High,5,Summer,Couple,Mountains,North India,Manali
Low,3,Monsoon,Couple,Nature,South India,Araku Valley
Low,3,Winter,Family,Nature,South India,Araku Valley
Low,4,Autumn,Friends,Spiritual,North India,Rishikesh
Medium,5,Winter,Couple,Historical,North India,Jaipur
High,7,Winter,Family,Beach,South India,Andaman
Low,3,Autumn,Solo,Historical,South India,Hyderabad
Low,2,Winter,Family,Historical,South India,Mysore
Low,3,Autumn,Family,Wildlife,South India,Araku Valley
Medium,4,Autumn,Family,Spiritual,South India,Mysore
Medium,4,Winter,Solo,Adventure,South India,Hyderabad
Low,2,Winter,Family,Historical,South India,Mysore
High,7,Winter,Solo,Mountains,North India,Manali
High,7,Winter,Couple,Nature,North India,Kashmir
High,6,Summer,Friends,Mountains,North India,Manali
Medium,4,Monsoon,Couple,Mountains,South India,Munnar
High,4,Spring,Couple,Historical,North India,Jaipur
High,8,Summer,Family,Mountains,North India,Kashmir
Medium,6,Spring,Friends,Adventure,North India,Manali
Medium,4,Winter,Couple,Spiritual,North India,Jaipur
High,6,Autumn,Family,Mountains,East India,Darjeeling
Medium,5,Summer,Family,Mountains,South India,Ooty
Low,3,Spring,Solo,Adventure,North India,Rishikesh
Medium,4,Winter,Couple,Historical,West India,Udaipur
Medium,4,Winter,Couple,Nature,South India,Munnar
Medium,5,Spring,Family,Historical,North India,Jaipur
Medium,4,Winter,Friends,Beach,West India,Goa
Low,2,Winter,Couple,Nature,South India,Araku Valley
Medium,4,Winter,Solo,Historical,North India,Jaipur
High,8,Winter,Couple,Mountains,North India,Manali
High,8,Winter,Family,Nature,North India,Kashmir
Low,2,Winter,Solo,Historical,South India,Mysore
High,8,Winter,Couple,Beach,South India,Andaman
Low,4,Autumn,Solo,Spiritual,North India,Rishikesh
Medium,3,Winter,Couple,Beach,West India,Goa
Medium,2,Winter,Family,Historical,South India,Mysore
High,8,Winter,Friends,Adventure,East India,Andaman
Medium,5,Spring,Couple,Historical,North India,Udaipur
Low,5,Summer,Family,Nature,South India,Ooty
Medium,5,Autumn,Solo,Adventure,North India,Rishikesh
Medium,5,Winter,Couple,Mountains,South India,Munnar
Medium,7,Summer,Couple,Adventure,North India,Manali
Medium,4,Winter,Couple,Nature,South India,Munnar
Medium,4,Spring,Couple,Mountains,Northeast India,Darjeeling
Medium,3,Winter,Family,Spiritual,North India,Varanasi
Low,2,Autumn,Solo,Spiritual,North India,Varanasi
Low,4,Monsoon,Family,Nature,South India,Araku Valley
Medium,2,Winter,Family,Historical,North India,Jaipur
High,7,Spring,Solo,Adventure,North India,Manali
Low,4,Spring,Solo,Adventure,North India,Rishikesh
Low,3,Monsoon,Family,Wildlife,South India,Araku Valley
Low,4,Summer,Friends,Adventure,North India,Rishikesh
Low,3,Winter,Family,Historical,South India,Mysore
High,9,Winter,Couple,Mountains,North India,Kashmir
Medium,4,Monsoon,Friends,Adventure,South India,Coorg
Low,3,Winter,Friends,Historical,South India,Hyderabad
Medium,5,Monsoon,Couple,Adventure,South India,Coorg
High,3,Monsoon,Friends,Adventure,South India,Coorg
High,7,Winter,Friends,Adventure,North India,Manali
High,5,Winter,Friends,Beach,West India,Goa
Low,3,Autumn,Solo,Historical,South India,Hyderabad
Medium,3,Winter,Family,Spiritual,North India,Jaipur
Medium,7,Spring,Solo,Mountains,Northeast India,Darjeeling
Low,2,Winter,Friends,Historical,South India,Hyderabad
Medium,8,Spring,Couple,Adventure,North India,Manali
High,9,Spring,Couple,Adventure,East India,Andaman
Medium,4,Summer,Couple,Mountains,South India,Ooty
Low,2,Winter,Family,Spiritual,North India,Varanasi
High,4,Winter,Couple,Mountains,South India,Munnar
Medium,6,Summer,Couple,Adventure,North India,Manali
High,5,Winter,Friends,Adventure,West India,Goa
Medium,2,Winter,Family,Historical,North India,Jaipur
Low,3,Autumn,Family,Historical,South India,Mysore
High,4,Winter,Friends,Beach,West India,Goa
Low,5,Summer,Couple,Mountains,South India,Ooty
Medium,4,Monsoon,Friends,Adventure,South India,Coorg
Medium,5,Winter,Family,Nature,South India,Munnar
High,3,Winter,Couple,Historical,West India,Udaipur
Medium,4,Winter,Friends,Adventure,South India,Coorg
High,4,Winter,Couple,Nature,North India,Udaipur
Low,4,Autumn,Friends,Adventure,North India,Rishikesh
High,5,Winter,Family,Mountains,South India,Munnar
Medium,5,Autumn,Family,Mountains,Northeast India,Darjeeling
Medium,4,Spring,Couple,Mountains,South India,Ooty
Low,3,Autumn,Solo,Spiritual,North India,Rishikesh
Medium,8,Summer,Solo,Mountains,North India,Manali
High,4,Spring,Couple,Historical,West India,Udaipur
High,4,Monsoon,Solo,Beach,West India,Goa
Low,4,Autumn,Family,Spiritual,South India,Mysore
Medium,4,Monsoon,Friends,Nature,South India,Coorg
High,8,Summer,Family,Nature,North India,Kashmir
High,4,Winter,Couple,Nature,South India,Coorg
Low,4,Autumn,Solo,Adventure,South India,Hyderabad
High,5,Summer,Couple,Mountains,North India,Manali
Medium,4,Monsoon,Couple,Mountains,South India,Munnar
Medium,4,Winter,Family,Historical,North India,Jaipur
Medium,6,Spring,Family,Nature,South India,Ooty
High,8,Winter,Family,Mountains,North India,Kashmir
Low,3,Winter,Family,Nature,South India,Araku Valley
High,8,Winter,Couple,Beach,East India,Andaman
Medium,4,Spring,Friends,Adventure,North India,Rishikesh
Low,3,Summer,Couple,Mountains,South India,Ooty
Medium,5,Summer,Couple,Mountains,North India,Manali
High,8,Summer,Family,Nature,North India,Kashmir
Medium,4,Winter,Couple,Adventure,South India,Coorg
Low,3,Winter,Couple,Wildlife,South India,Araku Valley
Medium,3,Winter,Friends,Historical,South India,Hyderabad
Medium,6,Monsoon,Couple,Mountains,South India,Munnar
Medium,5,Spring,Family,Mountains,East India,Darjeeling
Low,2,Winter,Solo,Spiritual,North India,Varanasi
High,4,Spring,Couple,Historical,North India,Jaipur
Medium,2,Autumn,Family,Historical,South India,Mysore
High,4,Winter,Couple,Historical,North India,Jaipur
Medium,2,Autumn,Solo,Historical,South India,Mysore
Medium,4,Spring,Family,Mountains,East India,Darjeeling
Medium,6,Spring,Couple,Mountains,North India,Manali
Medium,5,Spring,Couple,Historical,North India,Jaipur
High,6,Winter,Solo,Mountains,North India,Manali
Medium,3,Monsoon,Friends,Adventure,South India,Coorg
Medium,3,Winter,Family,Historical,North India,Jaipur
Medium,3,Winter,Couple,Historical,North India,Jaipur
High,2,Spring,Couple,Historical,North India,Jaipur
Medium,4,Summer,Family,Mountains,South India,Ooty
Medium,4,Summer,Family,Mountains,South India,Ooty
Low,4,Monsoon,Couple,Nature,South India,Araku Valley
Medium,6,Summer,Couple,Mountains,South India,Ooty
Medium,4,Winter,Couple,Historical,West India,Udaipur
Medium,3,Autumn,Solo,Historical,South India,Hyderabad
Medium,6,Summer,Friends,Mountains,North India,Manali
High,9,Winter,Couple,Adventure,South India,Andaman
Medium,3,Spring,Solo,Spiritual,North India,Rishikesh
Medium,2,Spring,Family,Historical,North India,Jaipur
Medium,3,Winter,Couple,Nature,South India,Munnar
Medium,4,Monsoon,Couple,Nature,South India,Coorg
High,5,Winter,Solo,Spiritual,North India,Jaipur
Medium,2,Monsoon,Family,Wildlife,South India,Araku Valley
High,4,Winter,Couple,Nature,South India,Coorg
High,8,Winter,Couple,Adventure,South India,Andaman
Low,2,Autumn,Solo,Historical,South India,Mysore
High,7,Spring,Friends,Beach,South India,Andaman
High,9,Winter,Couple,Beach,East India,Andaman
High,3,Winter,Couple,Mountains,South India,Munnar
High,8,Winter,Couple,Mountains,North India,Kashmir
Medium,6,Autumn,Couple,Mountains,East India,Darjeeling
Medium,5,Autumn,Couple,Mountains,East India,Darjeeling
High,8,Winter,Couple,Nature,North India,Kashmir
Medium,4,Spring,Family,Mountains,South India,Ooty
Low,4,Winter,Family,Spiritual,North India,Varanasi
High,8,Summer,Couple,Mountains,North India,Kashmir
Medium,6,Winter,Friends,Adventure,West India,Goa
High,11,Winter,Couple,Beach,South India,Andaman
High,4,Winter,Couple,Historical,West India,Udaipur
Medium,2,Autumn,Family,Historical,South India,Mysore
Low,2,Autumn,Family,Spiritual,North India,Varanasi
High,4,Spring,Couple,Historical,North India,Udaipur
High,7,Winter,Friends,Beach,East India,Andaman
Medium,6,Winter,Couple,Nature,South India,Munnar
Low,3,Winter,Solo,Adventure,South India,Hyderabad
High,8,Summer,Family,Mountains,North India,Kashmir
Medium,3,Winter,Solo,Adventure,South India,Hyderabad
Medium,3,Winter,Family,Historical,North India,Jaipur
Low,2,Winter,Family,Nature,South India,Araku Valley
Low,2,Autumn,Solo,Spiritual,North India,Varanasi
High,7,Winter,Couple,Beach,South India,Andaman
Medium,5,Monsoon,Couple,Nature,South India,Munnar
Medium,2,Autumn,Family,Historical,South India,Mysore
Medium,3,Autumn,Solo,Historical,South India,Hyderabad
Medium,5,Spring,Friends,Spiritual,North India,Rishikesh
Medium,4,Summer,Couple,Mountains,South India,Ooty
Medium,4,Spring,Family,Historical,North India,Jaipur
Medium,6,Winter,Couple,Adventure,North India,Manali
High,6,Summer,Couple,Adventure,North India,Manali
High,5,Monsoon,Family,Mountains,South India,Munnar
High,6,Spring,Couple,Mountains,North India,Manali
Medium,5,Summer,Family,Nature,South India,Ooty
Medium,3,Summer,Couple,Mountains,South India,Ooty
Low,4,Winter,Friends,Historical,South India,Hyderabad
High,5,Autumn,Family,Mountains,East India,Darjeeling
Medium,5,Spring,Solo,Adventure,North India,Rishikesh
Low,3,Autumn,Solo,Historical,South India,Hyderabad
Low,5,Summer,Solo,Adventure,North India,Rishikesh
High,5,Winter,Couple,Historical,North India,Jaipur
Low,5,Summer,Couple,Mountains,South India,Ooty
Medium,8,Winter,Couple,Mountains,North India,Manali
Medium,4,Winter,Friends,Historical,South India,Hyderabad
Medium,2,Spring,Couple,Historical,North India,Jaipur
Low,4,Monsoon,Couple,Adventure,West India,Goa
Medium,4,Spring,Couple,Mountains,South India,Ooty
High,6,Winter,Couple,Mountains,North India,Kashmir
High,8,Winter,Couple,Beach,East India,Andaman
Low,3,Winter,Family,Nature,South India,Araku Valley
High,9,Winter,Couple,Beach,South India,Andaman
Medium,3,Winter,Family,Mountains,South India,Munnar
Medium,2,Winter,Friends,Historical,South India,Hyderabad
Low,3,Winter,Family,Nature,South India,Araku Valley
High,5,Winter,Solo,Beach,West India,Goa
High,5,Spring,Couple,Historical,West India,Udaipur
Medium,7,Summer,Friends,Mountains,North India,Manali
High,6,Winter,Couple,Mountains,South India,Munnar
Medium,3,Summer,Couple,Mountains,South India,Ooty
Low,2,Autumn,Family,Spiritual,South India,Mysore
High,8,Winter,Couple,Mountains,North India,Kashmir
Medium,3,Winter,Family,Wildlife,South India,Araku Valley
Low,2,Autumn,Solo,Historical,South India,Mysore
Medium,4,Winter,Solo,Spiritual,North India,Varanasi
Medium,5,Summer,Couple,Nature,South India,Ooty
Medium,5,Spring,Couple,Historical,North India,Jaipur
Low,2,Winter,Solo,Spiritual,North India,Varanasi
Low,4,Winter,Solo,Spiritual,North India,Varanasi
High,8,Winter,Friends,Adventure,South India,Andaman
Medium,6,Spring,Family,Mountains,South India,Ooty
Low,4,Summer,Friends,Spiritual,North India,Rishikesh
Medium,4,Autumn,Solo,Historical,South India,Hyderabad
Low,3,Winter,Family,Spiritual,North India,Varanasi
High,6,Summer,Friends,Mountains,North India,Manali
Low,2,Winter,Family,Spiritual,North India,Varanasi
High,4,Spring,Family,Spiritual,North India,Jaipur
High,6,Spring,Friends,Mountains,North India,Manali
Medium,6,Winter,Couple,Mountains,North India,Manali
High,9,Winter,Couple,Adventure,East India,Andaman
Low,4,Winter,Couple,Adventure,West India,Goa
High,7,Winter,Couple,Beach,South India,Andaman
Medium,3,Winter,Family,Nature,South India,Araku Valley
Medium,3,Monsoon,Couple,Nature,South India,Coorg
High,3,Winter,Family,Historical,North India,Jaipur
Medium,3,Autumn,Friends,Adventure,North India,Rishikesh
Medium,4,Winter,Family,Historical,North India,Jaipur
High,9,Winter,Couple,Beach,East India,Andaman
Medium,4,Spring,Couple,Nature,West India,Udaipur
Medium,3,Autumn,Friends,Historical,South India,Hyderabad
High,7,Summer,Family,Mountains,North India,Kashmir
Medium,2,Winter,Family,Historical,South India,Mysore
Medium,4,Winter,Couple,Nature,South India,Coorg
Medium,5,Monsoon,Couple,Mountains,South India,Munnar
Medium,7,Winter,Friends,Mountains,North India,Manali
High,9,Winter,Friends,Beach,South India,Andaman
Medium,5,Autumn,Family,Nature,East India,Darjeeling
Medium,6,Autumn,Couple,Mountains,East India,Darjeeling
Medium,5,Monsoon,Couple,Mountains,South India,Munnar
High,8,Spring,Friends,Beach,South India,Andaman
High,9,Summer,Couple,Mountains,North India,Kashmir
Low,5,Summer,Friends,Beach,West India,Goa
Low,3,Spring,Friends,Adventure,North India,Rishikesh
High,6,Winter,Couple,Beach,East India,Andaman
Medium,6,Spring,Couple,Nature,East India,Darjeeling
Medium,3,Summer,Family,Mountains,South India,Ooty
Medium,3,Summer,Couple,Mountains,South India,Ooty
Low,6,Winter,Friends,Beach,West India,Goa
Medium,4,Spring,Solo,Spiritual,North India,Rishikesh
Low,4,Winter,Solo,Historical,South India,Hyderabad
Medium,4,Summer,Couple,Nature,South India,Ooty
High,7,Winter,Family,Mountains,North India,Kashmir
Medium,4,Spring,Friends,Adventure,North India,Rishikesh
High,5,Winter,Couple,Mountains,South India,Munnar
High,5,Autumn,Couple,Mountains,Northeast India,Darjeeling
Low,4,Winter,Solo,Spiritual,South India,Mysore
Medium,2,Winter,Couple,Spiritual,North India,Jaipur
High,2,Monsoon,Friends,Adventure,South India,Coorg
Low,3,Autumn,Solo,Spiritual,South India,Mysore
Medium,9,Winter,Couple,Adventure,North India,Manali
High,6,Monsoon,Couple,Mountains,South India,Munnar
High,5,Winter,Friends,Beach,West India,Goa
Low,2,Winter,Solo,Historical,South India,Hyderabad
Medium,6,Autumn,Family,Mountains,East India,Darjeeling
Low,2,Winter,Friends,Historical,South India,Hyderabad
Medium,4,Winter,Couple,Nature,South India,Coorg
High,4,Winter,Family,Spiritual,North India,Jaipur
High,4,Spring,Family,Nature,West India,Udaipur
Low,2,Autumn,Solo,Adventure,South India,Hyderabad
High,3,Spring,Couple,Nature,West India,Udaipur
Medium,3,Winter,Couple,Spiritual,North India,Jaipur
Medium,4,Winter,Couple,Nature,West India,Udaipur
High,8,Winter,Couple,Beach,South India,Andaman
Low,4,Autumn,Solo,Historical,South India,Hyderabad
High,7,Winter,Friends,Mountains,North India,Manali
Low,3,Winter,Solo,Historical,South India,Hyderabad
Low,4,Spring,Friends,Adventure,North India,Rishikesh
High,7,Winter,Couple,Beach,East India,Andaman
Low,3,Autumn,Solo,Adventure,North India,Rishikesh
Low,3,Winter,Solo,Spiritual,North India,Varanasi
High,7,Winter,Couple,Nature,North India,Kashmir
Medium,3,Winter,Couple,Nature,South India,Munnar
Low,3,Spring,Solo,Adventure,North India,Rishikesh
High,8,Winter,Couple,Mountains,North India,Kashmir
Medium,7,Summer,Couple,Mountains,North India,Manali
High,3,Winter,Family,Historical,West India,Udaipur
Medium,3,Winter,Couple,Spiritual,North India,Jaipur
High,5,Monsoon,Friends,Beach,West India,Goa
Medium,4,Summer,Family,Nature,South India,Ooty
Medium,3,Autumn,Family,Historical,South India,Mysore
High,5,Winter,Friends,Beach,West India,Goa
Low,4,Winter,Family,Spiritual,North India,Varanasi
Medium,5,Winter,Family,Mountains,South India,Munnar
High,5,Summer,Couple,Adventure,North India,Manali
High,6,Summer,Couple,Adventure,North India,Manali
Medium,4,Summer,Couple,Nature,South India,Ooty
Medium,4,Winter,Solo,Historical,South India,Mysore
High,7,Winter,Couple,Beach,South India,Andaman
Medium,2,Winter,Friends,Nature,South India,Coorg
Medium,4,Spring,Family,Nature,East India,Darjeeling
High,8,Winter,Family,Adventure,East India,Andaman
Low,2,Monsoon,Family,Nature,South India,Araku Valley
Medium,6,Autumn,Couple,Mountains,East India,Darjeeling
Low,6,Spring,Couple,Mountains,South India,Ooty
Low,4,Spring,Solo,Adventure,North India,Rishikesh
Low,3,Winter,Family,Spiritual,North India,Varanasi
Medium,4,Monsoon,Friends,Beach,West India,Goa
Low,2,Autumn,Family,Historical,South India,Mysore
Low,2,Winter,Solo,Historical,South India,Mysore
Medium,4,Winter,Family,Mountains,South India,Munnar
Medium,4,Spring,Family,Historical,North India,Jaipur
Low,3,Winter,Family,Nature,South India,Araku Valley
High,8,Winter,Family,Mountains,North India,Kashmir
High,7,Winter,Family,Mountains,North India,Kashmir
High,5,Spring,Couple,Mountains,East India,Darjeeling
Medium,5,Spring,Family,Mountains,South India,Ooty
High,4,Monsoon,Friends,Beach,West India,Goa
High,4,Winter,Couple,Historical,West India,Udaipur
Medium,2,Autumn,Family,Historical,South India,Mysore
High,9,Winter,Friends,Adventure,South India,Andaman
High,7,Winter,Family,Mountains,North India,Kashmir
Medium,3,Summer,Family,Nature,South India,Ooty
High,8,Winter,Couple,Mountains,North India,Kashmir
Medium,5,Spring,Family,Mountains,Northeast India,Darjeeling
Medium,6,Monsoon,Couple,Beach,West India,Goa
Medium,5,Spring,Couple,Mountains,Northeast India,Darjeeling
Low,3,Autumn,Solo,Adventure,North India,Rishikesh
Medium,4,Autumn,Solo,Adventure,South India,Hyderabad
High,6,Winter,Couple,Mountains,South India,Munnar
Medium,6,Autumn,Couple,Mountains,East India,Darjeeling
High,7,Summer,Family,Nature,North India,Kashmir
Low,5,Spring,Friends,Adventure,North India,Rishikesh
Medium,6,Winter,Couple,Mountains,North India,Manali
Low,3,Spring,Friends,Spiritual,North India,Rishikesh
High,3,Winter,Couple,Spiritual,North India,Jaipur
High,5,Spring,Couple,Historical,North India,Udaipur
Low,3,Spring,Solo,Adventure,North India,Rishikesh
Medium,3,Spring,Solo,Adventure,North India,Rishikesh
Low,2,Winter,Solo,Historical,South India,Hyderabad
Low,5,Summer,Friends,Spiritual,North India,Rishikesh
High,8,Spring,Family,Beach,South India,Andaman
High,4,Spring,Couple,Historical,West India,Udaipur
High,3,Winter,Solo,Spiritual,North India,Jaipur
High,4,Winter,Family,Historical,West India,Udaipur
Medium,4,Spring,Couple,Mountains,Northeast India,Darjeeling
Low,3,Winter,Family,Spiritual,North India,Varanasi
Medium,4,Winter,Couple,Nature,South India,Coorg
Medium,5,Winter,Couple,Mountains,South India,Munnar
Low,4,Autumn,Solo,Spiritual,North India,Varanasi
Medium,2,Winter,Family,Nature,South India,Araku Valley
Medium,5,Winter,Family,Historical,North India,Jaipur
Low,4,Spring,Solo,Spiritual,North India,Rishikesh
Low,3,Winter,Family,Nature,South India,Araku Valley
High,8,Spring,Couple,Beach,East India,Andaman
Medium,4,Monsoon,Friends,Beach,West India,Goa
Medium,4,Summer,Family,Nature,South India,Ooty
High,8,Winter,Couple,Beach,South India,Andaman
Medium,4,Summer,Couple,Mountains,South India,Ooty
Medium,3,Winter,Solo,Adventure,South India,Hyderabad
High,6,Winter,Couple,Nature,North India,Kashmir
Low,4,Autumn,Family,Wildlife,South India,Araku Valley
Medium,3,Monsoon,Friends,Nature,South India,Coorg
Low,4,Summer,Solo,Spiritual,North India,Rishikesh
High,3,Winter,Solo,Beach,West India,Goa
Medium,3,Monsoon,Family,Mountains,South India,Munnar
Medium,3,Spring,Solo,Historical,North India,Jaipur
High,8,Winter,Family,Mountains,North India,Kashmir
Medium,5,Monsoon,Friends,Nature,South India,Coorg
Medium,2,Autumn,Solo,Spiritual,South India,Mysore
Low,4,Autumn,Solo,Spiritual,North India,Varanasi
Medium,3,Monsoon,Friends,Nature,South India,Coorg
Medium,4,Winter,Family,Nature,South India,Araku Valley
High,4,Spring,Family,Nature,North India,Udaipur
Medium,4,Winter,Couple,Historical,North India,Jaipur
Low,2,Winter,Family,Nature,South India,Araku Valley
Medium,3,Winter,Family,Nature,South India,Araku Valley
High,8,Spring,Friends,Beach,South India,Andaman
Medium,2,Winter,Friends,Historical,South India,Hyderabad
Medium,4,Spring,Family,Historical,West India,Udaipur
Low,3,Autumn,Family,Spiritual,South India,Mysore
Low,2,Autumn,Family,Nature,South India,Araku Valley
High,4,Spring,Couple,Nature,West India,Udaipur
Low,2,Autumn,Family,Historical,South India,Mysore
High,5,Winter,Couple,Historical,West India,Udaipur
Low,5,Spring,Solo,Spiritual,North India,Rishikesh
Medium,4,Spring,Couple,Nature,East India,Darjeeling
High,5,Winter,Couple,Mountains,South India,Munnar
Medium,4,Winter,Couple,Historical,West India,Udaipur
High,3,Winter,Couple,Adventure,West India,Goa
Low,2,Autumn,Family,Historical,South India,Mysore
Low,4,Winter,Family,Spiritual,North India,Varanasi
High,10,Summer,Couple,Nature,North India,Kashmir
High,5,Monsoon,Couple,Adventure,West India,Goa
Medium,3,Winter,Friends,Adventure,South India,Coorg
Medium,5,Spring,Couple,Mountains,Northeast India,Darjeeling
High,9,Winter,Family,Beach,South India,Andaman
Low,2,Winter,Solo,Adventure,South India,Hyderabad
Medium,4,Winter,Family,Historical,West India,Udaipur
Medium,7,Winter,Friends,Mountains,North India,Manali
High,4,Monsoon,Friends,Adventure,South India,Coorg
Medium,4,Autumn,Solo,Historical,South India,Mysore
Medium,3,Autumn,Family,Historical,South India,Mysore
Medium,3,Autumn,Solo,Historical,South India,Mysore
Low,3,Winter,Family,Nature,South India,Araku Valley
Medium,5,Winter,Solo,Historical,North India,Jaipur
Medium,7,Summer,Couple,Mountains,North India,Manali
Low,3,Winter,Family,Nature,South India,Araku Valley
Low,3,Spring,Solo,Adventure,North India,Rishikesh
High,10,Winter,Family,Beach,East India,Andaman
Medium,7,Winter,Couple,Mountains,North India,Manali
High,9,Winter,Family,Beach,South India,Andaman
High,4,Winter,Friends,Beach,West India,Goa
High,4,Winter,Friends,Adventure,West India,Goa
Low,5,Autumn,Friends,Adventure,North India,Rishikesh
High,8,Winter,Family,Beach,East India,Andaman
High,4,Winter,Couple,Mountains,South India,Munnar
Medium,4,Monsoon,Friends,Beach,West India,Goa
Medium,4,Winter,Family,Wildlife,South India,Araku Valley
Medium,5,Winter,Couple,Historical,West India,Udaipur
High,5,Winter,Family,Mountains,South India,Munnar
Medium,3,Winter,Family,Historical,North India,Jaipur
Low,5,Spring,Solo,Adventure,North India,Rishikesh
High,9,Spring,Friends,Adventure,East India,Andaman
High,4,Winter,Family,Nature,West India,Udaipur
Medium,3,Spring,Solo,Historical,North India,Jaipur
Low,3,Spring,Friends,Adventure,North India,Rishikesh
Medium,2,Monsoon,Couple,Nature,South India,Coorg
High,6,Winter,Couple,Historical,West India,Udaipur
Low,3,Summer,Solo,Spiritual,North India,Rishikesh
Low,3,Spring,Couple,Mountains,South India,Ooty
Low,3,Spring,Friends,Adventure,North India,Rishikesh
High,8,Winter,Family,Beach,South India,Andaman
Medium,4,Autumn,Solo,Historical,South India,Mysore
Medium,4,Summer,Couple,Mountains,South India,Ooty
Medium,4,Spring,Couple,Mountains,East India,Darjeeling
High,8,Summer,Family,Nature,North India,Kashmir
Low,3,Summer,Family,Mountains,South India,Ooty
Low,4,Autumn,Solo,Spiritual,North India,Rishikesh
Medium,4,Spring,Family,Spiritual,North India,Jaipur
High,4,Winter,Couple,Adventure,South India,Coorg
Medium,3,Autumn,Solo,Spiritual,North India,Varanasi
Low,4,Winter,Solo,Adventure,South India,Hyderabad
Medium,6,Summer,Friends,Mountains,North India,Manali
Medium,4,Summer,Couple,Mountains,South India,Ooty
High,6,Winter,Friends,Mountains,North India,Manali
Medium,2,Winter,Couple,Nature,South India,Coorg
Medium,4,Summer,Couple,Mountains,South India,Ooty
High,5,Winter,Couple,Historical,West India,Udaipur
High,7,Summer,Couple,Mountains,North India,Kashmir
Medium,5,Winter,Friends,Mountains,North India,Manali
Low,2,Autumn,Solo,Spiritual,North India,Varanasi
Low,3,Autumn,Friends,Adventure,South India,Hyderabad
Medium,4,Winter,Family,Nature,North India,Udaipur
Low,3,Winter,Solo,Spiritual,North India,Varanasi
Medium,3,Autumn,Friends,Adventure,North India,Rishikesh
Low,3,Winter,Solo,Historical,South India,Hyderabad
Medium,4,Spring,Family,Historical,North India,Jaipur
Medium,4,Winter,Couple,Nature,South India,Coorg
High,5,Autumn,Family,Nature,Northeast India,Darjeeling
High,4,Monsoon,Couple,Mountains,South India,Munnar
Medium,4,Summer,Friends,Beach,West India,Goa
Low,3,Spring,Family,Nature,South India,Ooty
High,4,Spring,Couple,Historical,West India,Udaipur
High,3,Spring,Family,Nature,North India,Udaipur
Low,3,Winter,Solo,Historical,South India,Hyderabad
High,3,Spring,Family,Historical,North India,Jaipur
Low,3,Autumn,Family,Spiritual,South India,Mysore
Medium,5,Winter,Couple,Mountains,South India,Munnar
Medium,2,Winter,Family,Spiritual,North India,Varanasi
High,4,Winter,Couple,Historical,North India,Jaipur
Medium,3,Winter,Solo,Spiritual,North India,Varanasi
High,6,Winter,Couple,Mountains,South India,Munnar
High,5,Summer,Friends,Mountains,North India,Manali
Medium,4,Winter,Couple,Historical,North India,Jaipur
Medium,3,Winter,Couple,Nature,South India,Araku Valley
Low,2,Winter,Solo,Spiritual,North India,Varanasi
High,9,Spring,Couple,Beach,East India,Andaman
High,9,Winter,Couple,Beach,South India,Andaman
Low,2,Monsoon,Couple,Nature,South India,Araku Valley
Low,2,Autumn,Family,Spiritual,North India,Varanasi
Medium,4,Summer,Family,Mountains,South India,Ooty
Medium,2,Autumn,Solo,Historical,South India,Mysore
High,5,Summer,Friends,Beach,West India,Goa
High,8,Winter,Family,Beach,South India,Andaman
Low,4,Summer,Couple,Nature,South India,Ooty
High,8,Summer,Couple,Mountains,North India,Kashmir
Medium,2,Winter,Couple,Nature,South India,Araku Valley
Low,4,Winter,Couple,Beach,West India,Goa
High,5,Spring,Couple,Historical,West India,Udaipur
Low,4,Summer,Family,Nature,South India,Ooty
Medium,4,Winter,Solo,Beach,West India,Goa
Medium,5,Monsoon,Solo,Beach,West India,Goa
Low,3,Autumn,Family,Spiritual,North India,Varanasi
Low,2,Winter,Solo,Historical,South India,Mysore
Low,2,Winter,Solo,Adventure,South India,Hyderabad
Medium,5,Winter,Solo,Mountains,North India,Manali
Low,6,Spring,Solo,Adventure,North India,Rishikesh
High,5,Winter,Couple,Historical,West India,Udaipur
High,5,Monsoon,Couple,Mountains,South India,Munnar
Medium,8,Winter,Friends,Mountains,North India,Manali
Low,6,Autumn,Friends,Spiritual,North India,Rishikesh
Low,3,Winter,Solo,Historical,South India,Mysore
Low,2,Autumn,Family,Historical,South India,Mysore
Medium,5,Monsoon,Couple,Beach,West India,Goa
Medium,4,Winter,Family,Spiritual,North India,Jaipur
Medium,6,Autumn,Solo,Nature,East India,Darjeeling
Medium,5,Autumn,Couple,Nature,East India,Darjeeling
Medium,5,Winter,Family,Mountains,South India,Munnar
High,7,Summer,Couple,Mountains,North India,Kashmir
Low,5,Spring,Solo,Spiritual,North India,Rishikesh
Medium,6,Winter,Friends,Beach,West India,Goa
Medium,4,Winter,Couple,Nature,South India,Coorg
Low,3,Winter,Solo,Spiritual,North India,Varanasi
Low,2,Autumn,Solo,Spiritual,North India,Varanasi
Medium,2,Autumn,Solo,Historical,South India,Mysore
Medium,4,Autumn,Couple,Nature,East India,Darjeeling
Low,3,Winter,Couple,Nature,South India,Araku Valley
High,8,Winter,Couple,Mountains,North India,Kashmir
High,4,Monsoon,Friends,Adventure,South India,Coorg
Medium,7,Summer,Couple,Adventure,North India,Manali
Low,4,Spring,Friends,Adventure,North India,Rishikesh
High,8,Winter,Couple,Nature,North India,Kashmir
Medium,6,Autumn,Family,Mountains,East India,Darjeeling
High,7,Spring,Friends,Adventure,South India,Andaman
Medium,3,Summer,Couple,Nature,South India,Ooty
High,7,Winter,Couple,Mountains,North India,Manali
High,6,Autumn,Family,Mountains,Northeast India,Darjeeling
Low,2,Winter,Friends,Historical,South India,Hyderabad
Medium,3,Spring,Couple,Mountains,South India,Ooty
High,7,Winter,Family,Adventure,South India,Andaman
Medium,5,Autumn,Solo,Nature,East India,Darjeeling
Medium,3,Winter,Couple,Historical,North India,Udaipur
Medium,4,Summer,Family,Nature,South India,Ooty
Medium,2,Winter,Solo,Historical,South India,Mysore
Low,3,Winter,Solo,Spiritual,North India,Varanasi
Low,4,Summer,Solo,Adventure,North India,Rishikesh
Low,2,Winter,Solo,Spiritual,North India,Varanasi
High,3,Winter,Family,Nature,North India,Udaipur
Medium,6,Summer,Couple,Mountains,South India,Ooty
High,7,Winter,Couple,Beach,South India,Andaman
High,7,Winter,Friends,Mountains,North India,Manali
Medium,4,Monsoon,Family,Mountains,South India,Munnar
High,9,Winter,Family,Mountains,North India,Kashmir
High,8,Spring,Couple,Adventure,East India,Andaman
Medium,4,Summer,Solo,Spiritual,North India,Rishikesh
Medium,4,Summer,Family,Mountains,South India,Ooty
Medium,4,Spring,Couple,Mountains,East India,Darjeeling
Medium,4,Winter,Family,Spiritual,North India,Varanasi
High,5,Spring,Solo,Mountains,East India,Darjeeling
High,6,Summer,Couple,Mountains,North India,Kashmir
Medium,4,Winter,Solo,Historical,South India,Hyderabad
Low,3,Winter,Solo,Historical,South India,Mysore
Medium,2,Winter,Solo,Adventure,South India,Hyderabad
High,5,Summer,Friends,Mountains,North India,Manali
Low,4,Winter,Solo,Historical,South India,Hyderabad
High,4,Winter,Couple,Mountains,South India,Munnar
Low,4,Summer,Couple,Mountains,South India,Ooty
Medium,3,Autumn,Family,Spiritual,South India,Mysore
Medium,6,Spring,Couple,Mountains,East India,Darjeeling
High,5,Winter,Couple,Mountains,South India,Munnar
Low,3,Winter,Solo,Historical,South India,Mysore
Low,3,Spring,Family,Mountains,South India,Ooty
High,6,Winter,Couple,Mountains,North India,Kashmir
High,6,Summer,Family,Mountains,North India,Kashmir
Medium,3,Autumn,Solo,Historical,South India,Mysore
Low,4,Winter,Friends,Adventure,South India,Hyderabad
Medium,5,Spring,Couple,Nature,North India,Udaipur
Medium,3,Autumn,Family,Historical,South India,Mysore
Medium,3,Autumn,Family,Historical,South India,Mysore
High,9,Spring,Family,Beach,East India,Andaman
Medium,2,Winter,Couple,Historical,North India,Jaipur
Medium,5,Summer,Couple,Mountains,South India,Ooty
High,4,Winter,Family,Historical,North India,Jaipur
Medium,3,Winter,Couple,Adventure,South India,Coorg
Low,4,Winter,Solo,Spiritual,North India,Varanasi
High,3,Winter,Family,Historical,North India,Jaipur
Low,3,Winter,Family,Wildlife,South India,Araku Valley
Low,2,Autumn,Solo,Historical,South India,Hyderabad
Low,4,Autumn,Couple,Wildlife,South India,Araku Valley
Medium,6,Spring,Couple,Nature,East India,Darjeeling
Medium,2,Spring,Family,Historical,North India,Jaipur
Medium,4,Winter,Family,Mountains,South India,Munnar
Medium,4,Spring,Couple,Mountains,South India,Ooty
Medium,3,Autumn,Solo,Historical,South India,Hyderabad
Medium,4,Autumn,Couple,Nature,Northeast India,Darjeeling
High,6,Spring,Couple,Mountains,North India,Manali
High,7,Winter,Couple,Mountains,North India,Kashmir
Medium,2,Winter,Solo,Historical,South India,Hyderabad
Medium,3,Winter,Family,Nature,South India,Munnar
High,5,Spring,Couple,Historical,West India,Udaipur
Medium,5,Winter,Family,Mountains,South India,Munnar
High,9,Winter,Solo,Adventure,North India,Manali
Medium,3,Monsoon,Couple,Nature,South India,Araku Valley
Medium,4,Spring,Couple,Nature,East India,Darjeeling
Low,3,Autumn,Solo,Spiritual,South India,Mysore
Low,3,Winter,Family,Spiritual,North India,Varanasi
Low,3,Autumn,Family,Spiritual,North India,Varanasi
Medium,4,Monsoon,Couple,Nature,South India,Coorg
Medium,4,Summer,Solo,Spiritual,North India,Rishikesh
Medium,6,Spring,Family,Nature,Northeast India,Darjeeling
Medium,3,Winter,Family,Wildlife,South India,Araku Valley
Medium,4,Monsoon,Friends,Beach,West India,Goa
High,5,Winter,Couple,Historical,West India,Udaipur
Low,3,Summer,Couple,Nature,South India,Ooty
Low,2,Winter,Solo,Spiritual,North India,Varanasi
Medium,7,Winter,Couple,Mountains,North India,Manali
Medium,3,Summer,Couple,Mountains,South India,Ooty
High,4,Spring,Couple,Nature,North India,Udaipur
High,4,Winter,Couple,Mountains,South India,Munnar
Low,3,Autumn,Couple,Nature,South India,Araku Valley
Medium,3,Spring,Couple,Mountains,South India,Ooty
Medium,4,Winter,Couple,Nature,South India,Munnar
Medium,5,Winter,Family,Historical,West India,Udaipur
High,4,Monsoon,Couple,Nature,South India,Munnar
Medium,7,Winter,Solo,Mountains,North India,Manali
High,8,Winter,Family,Adventure,South India,Andaman
Medium,5,Summer,Couple,Beach,West India,Goa
High,4,Winter,Family,Historical,West India,Udaipur
Medium,2,Autumn,Solo,Spiritual,South India,Mysore
Medium,6,Summer,Solo,Mountains,North India,Manali
High,6,Winter,Couple,Nature,North India,Kashmir
Low,3,Summer,Friends,Adventure,West India,Goa
Low,2,Winter,Couple,Nature,South India,Araku Valley
Low,3,Winter,Family,Spiritual,North India,Varanasi
High,8,Winter,Family,Adventure,East India,Andaman
Low,4,Spring,Friends,Adventure,North India,Rishikesh
Medium,2,Winter,Couple,Historical,North India,Jaipur
High,7,Winter,Family,Adventure,East India,Andaman
High,3,Spring,Couple,Historical,North India,Udaipur
Medium,5,Winter,Friends,Adventure,West India,Goa
Medium,4,Winter,Couple,Historical,North India,Jaipur
Medium,6,Winter,Family,Historical,West India,Udaipur
Low,3,Autumn,Family,Historical,South India,Mysore
High,4,Winter,Couple,Nature,North India,Udaipur
Low,3,Winter,Solo,Spiritual,North India,Varanasi
High,4,Winter,Family,Historical,West India,Udaipur
High,3,Winter,Couple,Nature,South India,Munnar
High,9,Winter,Couple,Adventure,South India,Andaman
Medium,3,Autumn,Solo,Historical,South India,Hyderabad
High,3,Spring,Couple,Historical,North India,Jaipur
Medium,2,Winter,Family,Historical,South India,Mysore
High,5,Winter,Couple,Beach,West India,Goa
High,8,Summer,Solo,Adventure,North India,Manali
High,9,Winter,Couple,Beach,South India,Andaman
Low,5,Summer,Solo,Spiritual,North India,Rishikesh
Low,4,Summer,Solo,Adventure,North India,Rishikesh
Low,4,Spring,Solo,Spiritual,North India,Rishikesh
High,8,Winter,Family,Adventure,South India,Andaman
Medium,3,Winter,Family,Historical,North India,Jaipur
Low,3,Autumn,Family,Spiritual,North India,Varanasi
High,3,Winter,Couple,Beach,West India,Goa
High,4,Winter,Couple,Nature,West India,Udaipur
High,7,Winter,Family,Mountains,North India,Kashmir
Low,3,Winter,Couple,Nature,South India,Araku Valley
Low,2,Winter,Family,Nature,South India,Araku Valley
High,4,Winter,Couple,Adventure,South India,Coorg
Medium,5,Winter,Couple,Mountains,South India,Munnar
Medium,4,Winter,Friends,Historical,South India,Hyderabad
Low,2,Autumn,Solo,Historical,South India,Mysore
Low,2,Autumn,Family,Historical,South India,Mysore
High,4,Spring,Family,Historical,West India,Udaipur
Medium,6,Summer,Couple,Adventure,North India,Manali
High,7,Winter,Friends,Beach,South India,Andaman
High,9,Spring,Couple,Beach,East India,Andaman
High,7,Spring,Couple,Adventure,South India,Andaman
Low,2,Winter,Solo,Historical,South India,Hyderabad
Low,2,Winter,Family,Nature,South India,Araku Valley
Low,3,Spring,Friends,Adventure,North India,Rishikesh
Low,3,Winter,Solo,Historical,South India,Mysore
Low,4,Monsoon,Family,Nature,South India,Araku Valley
High,4,Spring,Family,Historical,West India,Udaipur
Low,4,Winter,Family,Wildlife,South India,Araku Valley
Medium,5,Spring,Solo,Mountains,East India,Darjeeling
Medium,2,Autumn,Family,Historical,South India,Mysore
Low,2,Winter,Solo,Adventure,South India,Hyderabad
High,6,Winter,Family,Historical,West India,Udaipur
Medium,5,Autumn,Friends,Adventure,North India,Rishikesh
Low,3,Winter,Family,Nature,South India,Araku Valley
Medium,5,Winter,Family,Nature,South India,Munnar
Medium,7,Monsoon,Couple,Beach,West India,Goa
Medium,2,Autumn,Family,Historical,South India,Mysore
Medium,3,Monsoon,Friends,Adventure,South India,Coorg
Medium,6,Winter,Solo,Mountains,North India,Manali
Medium,4,Autumn,Solo,Spiritual,North India,Varanasi
Medium,6,Summer,Couple,Adventure,North India,Manali
Low,5,Autumn,Solo,Spiritual,North India,Rishikesh
Low,4,Winter,Friends,Historical,South India,Hyderabad
High,9,Summer,Couple,Nature,North India,Kashmir
Medium,2,Winter,Family,Nature,South India,Araku Valley
Medium,5,Winter,Couple,Beach,West India,Goa
Medium,4,Spring,Friends,Spiritual,North India,Rishikesh
High,4,Monsoon,Couple,Beach,West India,Goa
High,6,Summer,Family,Nature,North India,Kashmir
Low,4,Summer,Solo,Adventure,North India,Rishikesh
Low,4,Autumn,Friends,Spiritual,North India,Rishikesh
Medium,3,Monsoon,Friends,Nature,South India,Coorg
High,4,Monsoon,Friends,Adventure,South India,Coorg
Low,4,Winter,Family,Spiritual,North India,Varanasi
Medium,2,Autumn,Solo,Spiritual,North India,Varanasi
High,4,Monsoon,Couple,Nature,South India,Coorg
Medium,2,Winter,Friends,Historical,South India,Hyderabad
High,4,Winter,Couple,Nature,South India,Munnar
Low,4,Spring,Solo,Adventure,North India,Rishikesh
Medium,4,Summer,Couple,Mountains,South India,Ooty
Medium,4,Autumn,Friends,Adventure,South India,Hyderabad
High,8,Winter,Couple,Mountains,North India,Kashmir
Medium,3,Autumn,Family,Nature,South India,Araku Valley
Low,3,Summer,Couple,Mountains,South India,Ooty
Low,3,Autumn,Solo,Spiritual,North India,Varanasi
High,7,Summer,Family,Mountains,North India,Kashmir
Low,6,Summer,Couple,Mountains,South India,Ooty
High,5,Winter,Family,Mountains,South India,Munnar
High,8,Winter,Family,Beach,East India,Andaman
High,4,Monsoon,Couple,Beach,West India,Goa
Medium,6,Summer,Couple,Mountains,North India,Manali
Medium,3,Summer,Family,Mountains,South India,Ooty
High,4,Monsoon,Friends,Beach,West India,Goa
Medium,4,Winter,Solo,Historical,South India,Hyderabad
Medium,5,Winter,Friends,Nature,South India,Coorg
Low,4,Summer,Friends,Adventure,North India,Rishikesh
Medium,2,Winter,Family,Historical,North India,Jaipur
Medium,4,Winter,Couple,Beach,West India,Goa
Medium,4,Spring,Family,Mountains,South India,Ooty
High,7,Winter,Couple,Beach,East India,Andaman
Medium,7,Summer,Couple,Mountains,North India,Manali
Medium,3,Winter,Family,Spiritual,South India,Mysore
Low,3,Autumn,Solo,Spiritual,South India,Mysore
Low,3,Autumn,Family,Spiritual,North India,Varanasi
High,4,Spring,Couple,Historical,North India,Udaipur
Low,4,Autumn,Friends,Adventure,South India,Hyderabad
High,6,Autumn,Couple,Mountains,East India,Darjeeling
Low,3,Winter,Friends,Adventure,South India,Hyderabad
Low,2,Winter,Solo,Spiritual,North India,Varanasi
Medium,4,Winter,Family,Spiritual,South India,Mysore
Medium,2,Autumn,Solo,Spiritual,South India,Mysore
Low,2,Autumn,Solo,Spiritual,North India,Varanasi
Low,4,Winter,Friends,Beach,West India,Goa
High,7,Winter,Family,Mountains,North India,Kashmir
High,5,Monsoon,Solo,Beach,West India,Goa
Low,2,Winter,Solo,Historical,South India,Hyderabad
Low,3,Winter,Solo,Historical,South India,Hyderabad
High,4,Winter,Couple,Adventure,South India,Coorg
High,6,Winter,Family,Nature,North India,Kashmir
High,4,Winter,Family,Historical,North India,Udaipur
Medium,4,Winter,Family,Mountains,South India,Munnar
Medium,2,Autumn,Friends,Historical,South India,Hyderabad
Low,2,Autumn,Family,Historical,South India,Mysore
Low,3,Autumn,Family,Spiritual,North India,Varanasi
Medium,5,Summer,Couple,Mountains,South India,Ooty
Medium,6,Winter,Couple,Adventure,North India,Manali
Medium,3,Winter,Couple,Adventure,South India,Coorg
Medium,5,Winter,Friends,Adventure,West India,Goa
Low,2,Winter,Solo,Historical,South India,Hyderabad
Medium,3,Winter,Solo,Spiritual,South India,Mysore
Medium,7,Summer,Couple,Mountains,North India,Manali
Low,2,Winter,Solo,Adventure,South India,Hyderabad
High,8,Summer,Family,Mountains,North India,Kashmir
High,8,Winter,Family,Mountains,North India,Kashmir
Medium,3,Monsoon,Couple,Nature,South India,Munnar
Medium,2,Spring,Couple,Historical,North India,Jaipur
Low,2,Winter,Solo,Adventure,South India,Hyderabad
Medium,3,Winter,Couple,Spiritual,North India,Jaipur
High,8,Winter,Friends,Beach,South India,Andaman
High,8,Winter,Family,Beach,South India,Andaman
Medium,4,Winter,Couple,Nature,South India,Coorg
High,8,Spring,Couple,Adventure,East India,Andaman
Medium,6,Winter,Couple,Mountains,North India,Manali
Medium,4,Spring,Family,Nature,South India,Ooty
High,5,Winter,Family,Historical,North India,Udaipur
Low,2,Winter,Couple,Nature,South India,Araku Valley
Low,3,Winter,Solo,Spiritual,North India,Varanasi
Medium,4,Monsoon,Couple,Nature,South India,Coorg
Low,3,Winter,Family,Spiritual,North India,Varanasi
Medium,3,Monsoon,Couple,Nature,South India,Coorg
Medium,4,Winter,Family,Historical,North India,Jaipur
Low,2,Winter,Couple,Nature,South India,Araku Valley
Medium,4,Monsoon,Couple,Nature,South India,Coorg
Low,5,Winter,Couple,Beach,West India,Goa
High,8,Winter,Family,Adventure,South India,Andaman
Low,3,Summer,Family,Mountains,South India,Ooty
High,9,Spring,Family,Beach,South India,Andaman
Medium,4,Summer,Couple,Mountains,South India,Ooty
High,6,Monsoon,Couple,Nature,South India,Munnar
Low,2,Winter,Family,Wildlife,South India,Araku Valley
Low,4,Autumn,Solo,Spiritual,North India,Rishikesh
Medium,3,Spring,Couple,Mountains,South India,Ooty
Medium,5,Summer,Couple,Mountains,North India,Manali
Medium,5,Winter,Couple,Adventure,South India,Coorg
Medium,4,Autumn,Friends,Historical,South India,Hyderabad
High,8,Winter,Couple,Nature,North India,Kashmir
Low,4,Winter,Solo,Adventure,South India,Hyderabad
Low,2,Winter,Family,Nature,South India,Araku Valley
Medium,4,Winter,Solo,Spiritual,North India,Varanasi
Medium,5,Winter,Couple,Spiritual,North India,Jaipur
High,4,Monsoon,Couple,Nature,South India,Munnar
High,4,Spring,Couple,Historical,West India,Udaipur
Low,5,Winter,Friends,Beach,West India,Goa
Medium,2,Autumn,Family,Historical,South India,Mysore
High,8,Summer,Couple,Mountains,North India,Kashmir
Medium,5,Spring,Family,Historical,West India,Udaipur
Low,3,Summer,Family,Nature,South India,Ooty
Medium,4,Summer,Couple,Mountains,South India,Ooty
Medium,3,Autumn,Family,Historical,South India,Mysore
Medium,5,Summer,Solo,Adventure,North India,Rishikesh
Low,4,Autumn,Solo,Historical,South India,Mysore
Low,2,Winter,Family,Spiritual,North India,Varanasi
Low,4,Autumn,Solo,Adventure,North India,Rishikesh
Low,2,Winter,Family,Wildlife,South India,Araku Valley
High,4,Spring,Couple,Historical,North India,Jaipur
High,9,Winter,Couple,Mountains,North India,Kashmir
Low,3,Monsoon,Family,Nature,South India,Araku Valley
Medium,6,Monsoon,Family,Mountains,South India,Munnar
Low,4,Spring,Solo,Spiritual,North India,Rishikesh
High,4,Winter,Couple,Historical,North India,Udaipur
Low,3,Monsoon,Couple,Nature,South India,Araku Valley
Low,2,Winter,Family,Nature,South India,Araku Valley
High,2,Monsoon,Couple,Nature,South India,Coorg
Medium,6,Spring,Couple,Mountains,East India,Darjeeling
High,5,Spring,Family,Nature,North India,Udaipur
High,3,Spring,Couple,Historical,West India,Udaipur
Low,5,Spring,Solo,Spiritual,North India,Rishikesh
Low,4,Summer,Solo,Adventure,North India,Rishikesh
Medium,3,Winter,Family,Mountains,South India,Munnar
Low,4,Spring,Friends,Adventure,North India,Rishikesh
High,7,Winter,Couple,Mountains,North India,Manali
Medium,4,Autumn,Family,Nature,East India,Darjeeling
Medium,3,Winter,Solo,Historical,South India,Hyderabad
High,4,Winter,Couple,Mountains,South India,Munnar
Medium,7,Autumn,Family,Nature,East India,Darjeeling
Medium,5,Monsoon,Friends,Beach,West India,Goa
High,6,Spring,Solo,Mountains,East India,Darjeeling
Low,3,Monsoon,Family,Wildlife,South India,Araku Valley
Medium,3,Monsoon,Couple,Nature,South India,Coorg
Medium,6,Spring,Couple,Mountains,Northeast India,Darjeeling
High,11,Spring,Couple,Beach,East India,Andaman
Low,2,Autumn,Friends,Historical,South India,Hyderabad
High,8,Winter,Family,Mountains,North India,Kashmir
Low,4,Summer,Couple,Mountains,South India,Ooty
Medium,7,Autumn,Family,Nature,East India,Darjeeling
Low,3,Autumn,Solo,Historical,South India,Hyderabad
High,9,Winter,Couple,Beach,South India,Andaman
High,3,Winter,Couple,Nature,South India,Coorg
High,7,Summer,Family,Nature,North India,Kashmir
High,8,Summer,Couple,Mountains,North India,Kashmir
Low,4,Winter,Couple,Nature,South India,Araku Valley
Low,3,Winter,Friends,Historical,South India,Hyderabad
High,8,Spring,Couple,Beach,South India,Andaman
Low,3,Autumn,Solo,Spiritual,North India,Varanasi
Low,4,Winter,Solo,Spiritual,North India,Varanasi
Medium,3,Autumn,Family,Historical,South India,Mysore
High,6,Winter,Couple,Adventure,South India,Andaman
Low,4,Spring,Couple,Nature,South India,Ooty
Medium,4,Spring,Family,Historical,West India,Udaipur
Low,4,Autumn,Family,Historical,South India,Mysore
High,5,Monsoon,Couple,Nature,South India,Munnar
Medium,6,Spring,Family,Nature,South India,Ooty
High,7,Summer,Couple,Nature,North India,Kashmir
Medium,4,Winter,Family,Historical,North India,Jaipur
Medium,4,Autumn,Friends,Adventure,North India,Rishikesh
Medium,4,Spring,Family,Nature,West India,Udaipur
High,8,Winter,Couple,Mountains,North India,Kashmir
High,7,Summer,Family,Nature,North India,Kashmir
Medium,2,Monsoon,Couple,Adventure,South India,Coorg
Medium,2,Monsoon,Friends,Nature,South India,Coorg
High,5,Spring,Couple,Historical,North India,Jaipur
Low,4,Autumn,Solo,Historical,South India,Mysore
High,8,Spring,Couple,Beach,South India,Andaman
Low,2,Autumn,Solo,Spiritual,North India,Varanasi
High,8,Winter,Couple,Adventure,South India,Andaman
Medium,4,Spring,Family,Mountains,South India,Ooty
High,6,Summer,Family,Nature,North India,Kashmir
Medium,5,Monsoon,Friends,Nature,South India,Coorg
Medium,2,Winter,Solo,Historical,South India,Hyderabad
Low,3,Autumn,Solo,Adventure,South India,Hyderabad
High,7,Winter,Family,Mountains,North India,Kashmir
Low,2,Autumn,Solo,Spiritual,North India,Varanasi
High,2,Winter,Family,Historical,North India,Jaipur
High,9,Winter,Couple,Beach,East India,Andaman
Low,4,Winter,Friends,Adventure,South India,Hyderabad
Medium,4,Spring,Couple,Mountains,Northeast India,Darjeeling
Low,3,Autumn,Family,Spiritual,South India,Mysore
Low,4,Spring,Couple,Mountains,South India,Ooty
Low,2,Winter,Couple,Wildlife,South India,Araku Valley
Medium,4,Monsoon,Couple,Nature,South India,Munnar
Medium,3,Winter,Couple,Nature,South India,Coorg
High,3,Monsoon,Family,Mountains,South India,Munnar
High,5,Spring,Family,Spiritual,North India,Jaipur
High,9,Spring,Friends,Beach,East India,Andaman
High,4,Winter,Family,Mountains,South India,Munnar
Medium,3,Monsoon,Couple,Mountains,South India,Munnar
Medium,2,Winter,Family,Spiritual,North India,Varanasi
Medium,2,Autumn,Friends,Adventure,South India,Hyderabad
Medium,7,Spring,Friends,Mountains,North India,Manali
Medium,3,Winter,Family,Historical,West India,Udaipur
Medium,4,Autumn,Family,Spiritual,South India,Mysore
Low,3,Winter,Friends,Historical,South India,Hyderabad
Medium,7,Winter,Couple,Adventure,North India,Manali
High,2,Spring,Family,Historical,North India,Jaipur
Low,4,Autumn,Solo,Spiritual,North India,Rishikesh
Medium,3,Winter,Friends,Nature,South India,Coorg
Low,4,Winter,Friends,Historical,South India,Hyderabad
High,8,Summer,Couple,Mountains,North India,Kashmir
Medium,5,Summer,Solo,Adventure,North India,Rishikesh
Low,2,Autumn,Family,Wildlife,South India,Araku Valley
Medium,3,Summer,Solo,Adventure,North India,Rishikesh
Medium,3,Autumn,Family,Historical,South India,Mysore
High,3,Winter,Family,Nature,South India,Munnar
Medium,3,Autumn,Solo,Historical,South India,Mysore
Low,4,Winter,Solo,Historical,South India,Hyderabad
Medium,3,Spring,Friends,Adventure,North India,Rishikesh
Low,4,Summer,Couple,Nature,South India,Ooty
Medium,4,Summer,Family,Mountains,South India,Ooty
High,7,Autumn,Couple,Nature,East India,Darjeeling
Medium,2,Spring,Solo,Historical,North India,Jaipur
High,7,Summer,Couple,Mountains,North India,Kashmir
Medium,4,Monsoon,Friends,Beach,West India,Goa
Medium,4,Autumn,Friends,Adventure,North India,Rishikesh
Medium,5,Autumn,Solo,Adventure,North India,Rishikesh
Medium,3,Winter,Solo,Historical,South India,Hyderabad
Medium,6,Winter,Family,Mountains,South India,Munnar
Medium,4,Monsoon,Couple,Mountains,South India,Munnar
High,6,Winter,Couple,Adventure,North India,Manali
Medium,4,Spring,Couple,Historical,West India,Udaipur
Medium,4,Winter,Family,Nature,South India,Munnar
High,4,Spring,Couple,Historical,West India,Udaipur
High,8,Winter,Couple,Mountains,North India,Kashmir
High,7,Winter,Family,Beach,South India,Andaman
High,7,Summer,Family,Mountains,North India,Kashmir
Medium,3,Autumn,Solo,Historical,South India,Hyderabad
High,7,Winter,Couple,Beach,East India,Andaman
Medium,3,Summer,Couple,Nature,South India,Ooty
High,7,Summer,Family,Nature,North India,Kashmir
Medium,3,Monsoon,Friends,Adventure,South India,Coorg
High,6,Winter,Solo,Adventure,North India,Manali
Low,5,Spring,Solo,Adventure,North India,Rishikesh
High,5,Winter,Friends,Beach,West India,Goa
Medium,2,Autumn,Family,Historical,South India,Mysore
High,2,Monsoon,Friends,Nature,South India,Coorg
Medium,4,Winter,Couple,Historical,North India,Jaipur
Low,4,Autumn,Friends,Spiritual,North India,Rishikesh
High,3,Winter,Couple,Nature,South India,Coorg
Low,4,Monsoon,Couple,Nature,South India,Araku Valley
High,5,Monsoon,Couple,Mountains,South India,Munnar
High,7,Winter,Couple,Beach,East India,Andaman
Medium,4,Monsoon,Friends,Nature,South India,Coorg
Low,3,Winter,Solo,Historical,South India,Hyderabad
High,6,Winter,Couple,Beach,East India,Andaman
Low,4,Summer,Family,Nature,South India,Ooty
Medium,4,Summer,Family,Mountains,South India,Ooty
High,5,Monsoon,Friends,Beach,West India,Goa
Medium,3,Monsoon,Couple,Nature,South India,Coorg
High,3,Winter,Couple,Historical,North India,Jaipur
High,4,Spring,Family,Historical,West India,Udaipur
Low,4,Summer,Friends,Spiritual,North India,Rishikesh
High,4,Winter,Couple,Historical,North India,Udaipur
Medium,4,Winter,Family,Mountains,South India,Munnar
Medium,7,Winter,Couple,Adventure,North India,Manali
Low,4,Autumn,Solo,Spiritual,North India,Rishikesh
High,5,Winter,Couple,Adventure,West India,Goa
High,4,Monsoon,Friends,Beach,West India,Goa
Medium,2,Winter,Family,Nature,South India,Araku Valley
Medium,6,Summer,Solo,Mountains,North India,Manali
Low,3,Winter,Solo,Historical,South India,Hyderabad
Medium,3,Winter,Family,Mountains,South India,Munnar
Medium,4,Winter,Friends,Nature,South India,Coorg
Medium,3,Monsoon,Friends,Nature,South India,Coorg
Medium,6,Winter,Couple,Mountains,South India,Munnar
High,6,Spring,Friends,Mountains,North India,Manali
High,6,Spring,Couple,Mountains,East India,Darjeeling
High,6,Monsoon,Family,Mountains,South India,Munnar
High,4,Winter,Couple,Nature,West India,Udaipur
Low,4,Spring,Family,Nature,South India,Ooty
High,6,Winter,Couple,Mountains,North India,Manali
Medium,3,Spring,Friends,Spiritual,North India,Rishikesh
Medium,4,Autumn,Family,Spiritual,South India,Mysore
High,6,Winter,Family,Mountains,North India,Kashmir
High,3,Winter,Couple,Mountains,South India,Munnar
High,5,Winter,Friends,Beach,West India,Goa
Medium,3,Summer,Couple,Nature,South India,Ooty
High,6,Winter,Couple,Adventure,East India,Andaman
Medium,3,Spring,Couple,Historical,West India,Udaipur
Medium,5,Autumn,Family,Mountains,Northeast India,Darjeeling
Medium,6,Spring,Couple,Nature,East India,Darjeeling
Medium,4,Summer,Couple,Mountains,South India,Ooty
Medium,5,Winter,Couple,Mountains,South India,Munnar
Low,2,Autumn,Family,Historical,South India,Mysore
High,7,Winter,Family,Beach,South India,Andaman
Medium,3,Autumn,Family,Spiritual,South India,Mysore
Low,2,Winter,Family,Historical,South India,Mysore
High,7,Summer,Family,Mountains,North India,Kashmir
Medium,4,Autumn,Friends,Adventure,North India,Rishikesh
High,5,Spring,Couple,Historical,West India,Udaipur
Low,2,Winter,Solo,Adventure,South India,Hyderabad
High,4,Winter,Couple,Nature,South India,Coorg
High,6,Winter,Friends,Beach,West India,Goa
Medium,7,Winter,Couple,Mountains,North India,Manali
Medium,5,Winter,Couple,Nature,South India,Munnar
Medium,5,Spring,Solo,Adventure,North India,Rishikesh
Medium,5,Winter,Couple,Nature,South India,Munnar
High,9,Winter,Couple,Adventure,South India,Andaman
Medium,4,Winter,Friends,Nature,South India,Coorg
Low,4,Winter,Solo,Spiritual,North India,Varanasi
Low,2,Autumn,Family,Spiritual,South India,Mysore
Medium,6,Monsoon,Family,Mountains,South India,Munnar
High,3,Monsoon,Friends,Nature,South India,Coorg
Medium,7,Winter,Friends,Mountains,North India,Manali
Medium,4,Spring,Couple,Nature,Northeast India,Darjeeling
Low,4,Summer,Family,Nature,South India,Ooty
Low,2,Winter,Solo,Historical,South India,Hyderabad
Low,3,Spring,Solo,Adventure,North India,Rishikesh
Low,2,Monsoon,Couple,Wildlife,South India,Araku Valley
Low,3,Winter,Solo,Historical,South India,Hyderabad
Medium,3,Winter,Solo,Spiritual,North India,Varanasi
Medium,5,Monsoon,Couple,Beach,West India,Goa
High,8,Winter,Couple,Adventure,South India,Andaman
High,7,Summer,Family,Mountains,North India,Kashmir
Medium,5,Winter,Friends,Adventure,West India,Goa
Medium,5,Winter,Family,Mountains,South India,Munnar
High,7,Winter,Couple,Mountains,North India,Manali
High,5,Spring,Couple,Historical,West India,Udaipur
Low,3,Winter,Solo,Historical,South India,Hyderabad
High,3,Winter,Family,Nature,West India,Udaipur
Medium,3,Summer,Solo,Adventure,North India,Rishikesh
High,8,Summer,Solo,Adventure,North India,Manali
Medium,3,Monsoon,Friends,Adventure,South India,Coorg
Medium,6,Monsoon,Solo,Beach,West India,Goa
Medium,7,Winter,Couple,Mountains,North India,Manali
Medium,4,Monsoon,Couple,Adventure,West India,Goa
High,6,Winter,Couple,Mountains,North India,Kashmir
High,9,Winter,Family,Beach,East India,Andaman
High,4,Spring,Family,Historical,West India,Udaipur
Medium,2,Winter,Family,Historical,South India,Mysore
Low,2,Monsoon,Family,Nature,South India,Araku Valley
Medium,5,Winter,Couple,Beach,West India,Goa
Medium,4,Spring,Family,Historical,North India,Jaipur
Medium,4,Winter,Friends,Nature,South India,Coorg
Low,4,Winter,Solo,Adventure,South India,Hyderabad
Medium,5,Winter,Couple,Beach,West India,Goa
High,9,Winter,Couple,Adventure,South India,Andaman
Medium,3,Winter,Friends,Nature,South India,Coorg
Low,4,Winter,Solo,Spiritual,North India,Varanasi
High,5,Winter,Family,Historical,West India,Udaipur
Low,2,Winter,Family,Nature,South India,Araku Valley
High,7,Summer,Family,Mountains,North India,Kashmir
Medium,6,Winter,Family,Historical,North India,Udaipur
Medium,4,Monsoon,Couple,Adventure,South India,Coorg
High,8,Winter,Family,Mountains,North India,Kashmir
Low,3,Autumn,Solo,Adventure,North India,Rishikesh
Medium,5,Spring,Solo,Spiritual,North India,Rishikesh
Low,4,Monsoon,Family,Nature,South India,Araku Valley
High,7,Summer,Family,Mountains,North India,Kashmir
High,5,Spring,Couple,Spiritual,North India,Jaipur
High,9,Winter,Family,Beach,South India,Andaman
Low,5,Summer,Family,Nature,South India,Ooty
High,5,Winter,Couple,Mountains,South India,Munnar
High,7,Spring,Couple,Adventure,South India,Andaman
Low,2,Monsoon,Family,Nature,South India,Araku Valley
Low,2,Autumn,Family,Spiritual,North India,Varanasi
High,4,Spring,Couple,Historical,North India,Udaipur
High,7,Spring,Family,Beach,South India,Andaman
High,5,Autumn,Couple,Mountains,East India,Darjeeling
Low,5,Spring,Solo,Adventure,North India,Rishikesh
High,6,Summer,Couple,Mountains,North India,Manali
Medium,4,Spring,Solo,Spiritual,North India,Rishikesh
Low,2,Monsoon,Couple,Wildlife,South India,Araku Valley
High,4,Spring,Couple,Historical,West India,Udaipur
Low,3,Monsoon,Family,Nature,South India,Araku Valley
Low,2,Autumn,Family,Spiritual,North India,Varanasi
Medium,3,Winter,Couple,Historical,North India,Udaipur
High,5,Spring,Family,Mountains,Northeast India,Darjeeling
Low,3,Winter,Family,Spiritual,North India,Varanasi
Medium,3,Winter,Solo,Historical,South India,Hyderabad
Medium,6,Winter,Couple,Beach,West India,Goa
Medium,2,Winter,Couple,Wildlife,South India,Araku Valley
Low,3,Summer,Family,Mountains,South India,Ooty
High,8,Winter,Friends,Adventure,East India,Andaman
Medium,3,Winter,Couple,Nature,South India,Coorg
Medium,3,Autumn,Solo,Historical,South India,Hyderabad
Medium,2,Autumn,Family,Historical,South India,Mysore
High,8,Winter,Family,Mountains,North India,Kashmir
Medium,5,Spring,Couple,Mountains,South India,Ooty
Low,2,Autumn,Family,Historical,South India,Mysore
Low,3,Winter,Friends,Historical,South India,Hyderabad
High,3,Spring,Couple,Historical,North India,Jaipur
Low,4,Spring,Solo,Spiritual,North India,Rishikesh
Medium,6,Summer,Couple,Mountains,North India,Manali
Low,2,Winter,Family,Nature,South India,Araku Valley
Medium,6,Summer,Friends,Adventure,West India,Goa
Medium,5,Summer,Friends,Adventure,West India,Goa
Low,2,Autumn,Solo,Spiritual,North India,Varanasi
Medium,4,Autumn,Solo,Adventure,North India,Rishikesh
Medium,3,Autumn,Friends,Adventure,North India,Rishikesh
High,4,Winter,Family,Historical,West India,Udaipur
High,6,Spring,Friends,Beach,South India,Andaman
Medium,5,Summer,Friends,Beach,West India,Goa
High,4,Autumn,Family,Nature,East India,Darjeeling
High,4,Spring,Family,Nature,West India,Udaipur
Medium,6,Spring,Couple,Nature,East India,Darjeeling
High,9,Winter,Couple,Nature,North India,Kashmir
Low,2,Winter,Solo,Historical,South India,Hyderabad
Medium,3,Summer,Family,Nature,South India,Ooty
Medium,2,Autumn,Solo,Historical,South India,Mysore
Low,4,Winter,Couple,Wildlife,South India,Araku Valley
Medium,6,Spring,Solo,Mountains,Northeast India,Darjeeling
High,4,Winter,Solo,Beach,West India,Goa
Medium,2,Autumn,Solo,Historical,South India,Hyderabad
High,6,Winter,Couple,Adventure,North India,Manali
High,6,Winter,Couple,Nature,North India,Kashmir
Low,5,Summer,Friends,Spiritual,North India,Rishikesh
High,5,Spring,Couple,Mountains,East India,Darjeeling
Low,4,Spring,Family,Mountains,South India,Ooty
Medium,3,Winter,Friends,Historical,South India,Hyderabad
Medium,5,Winter,Couple,Mountains,South India,Munnar
Low,2,Autumn,Friends,Adventure,South India,Hyderabad
Medium,5,Autumn,Couple,Nature,Northeast India,Darjeeling
Medium,5,Autumn,Family,Mountains,Northeast India,Darjeeling
Medium,3,Winter,Couple,Adventure,South India,Coorg
High,4,Winter,Couple,Historical,West India,Udaipur
High,9,Winter,Couple,Beach,South India,Andaman
Low,2,Autumn,Solo,Historical,South India,Mysore
Low,3,Monsoon,Couple,Nature,South India,Araku Valley
High,3,Spring,Family,Historical,North India,Jaipur
High,8,Summer,Family,Mountains,North India,Kashmir
Medium,2,Spring,Family,Historical,North India,Jaipur
Medium,3,Winter,Couple,Historical,North India,Jaipur
Medium,2,Winter,Solo,Historical,South India,Hyderabad
Medium,5,Winter,Friends,Beach,West India,Goa
Low,3,Spring,Family,Mountains,South India,Ooty
Medium,4,Winter,Friends,Beach,West India,Goa
Low,2,Winter,Solo,Spiritual,North India,Varanasi
High,7,Summer,Friends,Mountains,North India,Manali
High,8,Winter,Family,Nature,North India,Kashmir
High,5,Spring,Family,Nature,West India,Udaipur
Medium,5,Winter,Friends,Beach,West India,Goa
Medium,7,Winter,Solo,Adventure,North India,Manali
Medium,2,Winter,Family,Nature,South India,Araku Valley
High,7,Spring,Family,Adventure,South India,Andaman
Low,3,Spring,Solo,Adventure,North India,Rishikesh
Medium,3,Monsoon,Couple,Nature,South India,Araku Valley
High,5,Spring,Solo,Mountains,North India,Manali
High,8,Winter,Couple,Mountains,North India,Kashmir
Medium,5,Autumn,Family,Mountains,Northeast India,Darjeeling
High,7,Winter,Couple,Mountains,North India,Kashmir
Low,4,Spring,Solo,Adventure,North India,Rishikesh
High,5,Winter,Couple,Historical,West India,Udaipur
High,4,Winter,Couple,Historical,West India,Udaipur
High,8,Spring,Family,Beach,East India,Andaman
Low,2,Autumn,Solo,Spiritual,North India,Varanasi
High,6,Winter,Couple,Beach,West India,Goa
Low,5,Winter,Solo,Beach,West India,Goa
High,7,Summer,Family,Nature,North India,Kashmir
Medium,6,Summer,Friends,Adventure,North India,Manali
Low,3,Spring,Solo,Adventure,North India,Rishikesh
Low,3,Autumn,Family,Historical,South India,Mysore
Medium,4,Winter,Couple,Spiritual,North India,Jaipur
Low,3,Autumn,Friends,Adventure,North India,Rishikesh
Medium,3,Autumn,Friends,Adventure,South India,Hyderabad
High,7,Summer,Couple,Nature,North India,Kashmir
High,8,Spring,Couple,Beach,South India,Andaman
Medium,3,Summer,Couple,Nature,South India,Ooty
High,6,Autumn,Family,Nature,East India,Darjeeling
Medium,5,Summer,Couple,Mountains,South India,Ooty
Low,4,Winter,Family,Spiritual,North India,Varanasi
Medium,2,Winter,Family,Spiritual,North India,Varanasi
Low,5,Spring,Couple,Mountains,South India,Ooty
Low,2,Winter,Family,Historical,South India,Mysore
Low,2,Winter,Family,Nature,South India,Araku Valley
High,5,Winter,Couple,Nature,West India,Udaipur
High,4,Summer,Couple,Beach,West India,Goa
High,6,Winter,Solo,Beach,West India,Goa
High,5,Winter,Couple,Historical,West India,Udaipur
High,9,Winter,Couple,Beach,East India,Andaman
High,2,Winter,Friends,Adventure,South India,Coorg
Low,4,Spring,Solo,Adventure,North India,Rishikesh
Low,6,Spring,Solo,Adventure,North India,Rishikesh
High,7,Winter,Family,Adventure,South India,Andaman
Medium,3,Winter,Friends,Adventure,South India,Hyderabad
Medium,5,Winter,Couple,Mountains,South India,Munnar
Medium,3,Winter,Family,Historical,North India,Jaipur
Medium,5,Spring,Solo,Nature,East India,Darjeeling
Low,3,Monsoon,Couple,Wildlife,South India,Araku Valley
Medium,4,Autumn,Solo,Historical,South India,Hyderabad
Medium,5,Monsoon,Friends,Adventure,South India,Coorg
Medium,4,Winter,Couple,Historical,North India,Jaipur
High,6,Monsoon,Friends,Beach,West India,Goa
Medium,4,Winter,Couple,Nature,North India,Udaipur
Medium,4,Winter,Friends,Historical,South India,Hyderabad
Medium,5,Monsoon,Couple,Nature,South India,Coorg
Low,3,Autumn,Family,Historical,South India,Mysore
Low,2,Monsoon,Family,Nature,South India,Araku Valley
High,7,Winter,Couple,Nature,North India,Kashmir
High,6,Winter,Family,Nature,North India,Kashmir
Medium,5,Winter,Friends,Beach,West India,Goa
High,6,Summer,Couple,Mountains,North India,Manali
High,5,Spring,Family,Nature,West India,Udaipur
Low,4,Winter,Friends,Adventure,South India,Hyderabad
Low,2,Winter,Couple,Nature,South India,Araku Valley
Medium,4,Winter,Family,Historical,North India,Jaipur
Medium,2,Winter,Couple,Historical,North India,Jaipur
Low,5,Summer,Couple,Mountains,South India,Ooty
Medium,4,Spring,Family,Mountains,South India,Ooty
Medium,4,Summer,Family,Mountains,South India,Ooty
High,8,Winter,Family,Nature,North India,Kashmir
Medium,6,Summer,Friends,Beach,West India,Goa
High,7,Spring,Friends,Beach,South India,Andaman
High,4,Monsoon,Couple,Adventure,South India,Coorg
Low,3,Winter,Solo,Historical,South India,Hyderabad
Medium,2,Spring,Family,Historical,North India,Jaipur
Medium,3,Winter,Friends,Historical,South India,Hyderabad
High,8,Summer,Family,Mountains,North India,Kashmir
Low,2,Winter,Solo,Adventure,South India,Hyderabad
Medium,5,Winter,Couple,Mountains,South India,Munnar
High,4,Summer,Friends,Adventure,West India,Goa
High,8,Winter,Family,Mountains,North India,Kashmir
High,8,Spring,Couple,Beach,South India,Andaman
Medium,4,Autumn,Solo,Historical,South India,Mysore
High,7,Winter,Couple,Adventure,South India,Andaman
High,5,Winter,Couple,Nature,South India,Coorg
Low,3,Winter,Family,Nature,South India,Araku Valley
Low,4,Autumn,Solo,Spiritual,South India,Mysore
Medium,3,Winter,Friends,Historical,South India,Hyderabad
Medium,3,Autumn,Solo,Spiritual,North India,Varanasi
High,7,Winter,Couple,Mountains,North India,Kashmir
Medium,2,Winter,Solo,Historical,South India,Hyderabad
Low,2,Autumn,Family,Spiritual,South India,Mysore
High,6,Winter,Couple,Beach,South India,Andaman
Medium,4,Spring,Solo,Adventure,North India,Rishikesh
High,7,Summer,Family,Mountains,North India,Kashmir
Low,3,Monsoon,Couple,Nature,South India,Araku Valley
Medium,6,Winter,Friends,Adventure,West India,Goa
Medium,7,Spring,Couple,Mountains,North India,Manali
Low,3,Winter,Family,Spiritual,North India,Varanasi
Medium,3,Autumn,Solo,Historical,South India,Mysore
Medium,3,Winter,Friends,Historical,South India,Hyderabad
Medium,5,Spring,Couple,Historical,West India,Udaipur
Low,4,Summer,Solo,Adventure,North India,Rishikesh
High,3,Monsoon,Couple,Adventure,South India,Coorg
High,4,Winter,Couple,Nature,South India,Munnar
Low,2,Autumn,Solo,Historical,South India,Mysore
Medium,6,Summer,Couple,Mountains,North India,Manali
Low,5,Spring,Solo,Adventure,North India,Rishikesh
Medium,5,Winter,Family,Mountains,South India,Munnar
Medium,2,Autumn,Family,Historical,South India,Mysore
High,4,Winter,Couple,Historical,North India,Udaipur
High,7,Summer,Friends,Mountains,North India,Manali
Medium,6,Spring,Couple,Mountains,East India,Darjeeling
Medium,5,Autumn,Couple,Nature,East India,Darjeeling
Medium,4,Spring,Couple,Nature,East India,Darjeeling
High,5,Winter,Couple,Historical,West India,Udaipur
Medium,6,Spring,Family,Mountains,East India,Darjeeling
Low,3,Winter,Family,Spiritual,North India,Varanasi
Low,2,Autumn,Family,Spiritual,South India,Mysore
High,7,Winter,Couple,Mountains,North India,Kashmir
High,6,Winter,Couple,Beach,South India,Andaman
High,5,Winter,Friends,Adventure,South India,Coorg
High,8,Winter,Couple,Beach,South India,Andaman
Medium,6,Spring,Couple,Nature,East India,Darjeeling
High,3,Winter,Friends,Nature,South India,Coorg
Medium,3,Monsoon,Friends,Adventure,South India,Coorg
Medium,2,Winter,Solo,Historical,South India,Hyderabad
High,5,Winter,Solo,Historical,North India,Jaipur
Medium,4,Monsoon,Solo,Beach,West India,Goa
Medium,8,Spring,Friends,Mountains,North India,Manali
Medium,3,Winter,Friends,Beach,West India,Goa
Medium,2,Winter,Friends,Historical,South India,Hyderabad
Medium,5,Autumn,Family,Mountains,East India,Darjeeling
Medium,7,Winter,Friends,Adventure,North India,Manali
Medium,2,Spring,Family,Historical,North India,Jaipur
Low,3,Winter,Friends,Adventure,South India,Hyderabad
Low,4,Summer,Solo,Spiritual,North India,Rishikesh
Low,3,Autumn,Solo,Spiritual,North India,Varanasi
Medium,3,Winter,Family,Historical,North India,Jaipur
High,7,Summer,Friends,Mountains,North India,Manali
Low,3,Winter,Solo,Historical,South India,Hyderabad
Medium,4,Summer,Family,Mountains,South India,Ooty
Low,4,Summer,Family,Mountains,South India,Ooty
Low,2,Winter,Family,Spiritual,North India,Varanasi
Low,2,Winter,Family,Wildlife,South India,Araku Valley
Low,2,Autumn,Family,Spiritual,South India,Mysore
Medium,2,Winter,Family,Historical,South India,Mysore
High,6,Winter,Couple,Beach,West India,Goa
Medium,5,Spring,Couple,Nature,South India,Ooty
Low,3,Spring,Solo,Spiritual,North India,Rishikesh
High,9,Winter,Couple,Mountains,North India,Kashmir
Low,6,Winter,Friends,Beach,West India,Goa
Low,2,Winter,Solo,Spiritual,North India,Varanasi
High,3,Monsoon,Couple,Nature,South India,Coorg
Low,3,Spring,Solo,Adventure,North India,Rishikesh
Medium,2,Winter,Solo,Spiritual,North India,Varanasi
Medium,4,Spring,Couple,Nature,South India,Ooty
Medium,4,Winter,Couple,Adventure,South India,Coorg
Medium,3,Autumn,Solo,Adventure,North India,Rishikesh
High,7,Summer,Couple,Nature,North India,Kashmir
High,5,Winter,Couple,Nature,South India,Coorg
Medium,6,Spring,Couple,Nature,East India,Darjeeling
Medium,4,Winter,Couple,Historical,North India,Jaipur
Low,5,Spring,Friends,Spiritual,North India,Rishikesh
High,8,Winter,Family,Nature,North India,Kashmir
High,7,Summer,Couple,Nature,North India,Kashmir
Low,5,Winter,Couple,Beach,West India,Goa
High,8,Winter,Friends,Beach,East India,Andaman
High,3,Winter,Couple,Adventure,South India,Coorg
Medium,2,Winter,Couple,Nature,South India,Coorg
High,4,Winter,Couple,Historical,North India,Jaipur
Low,2,Autumn,Family,Nature,South India,Araku Valley
Low,2,Winter,Friends,Historical,South India,Hyderabad
Low,2,Winter,Family,Nature,South India,Araku Valley
High,7,Winter,Friends,Beach,East India,Andaman
High,6,Summer,Family,Mountains,North India,Kashmir
Low,4,Autumn,Friends,Spiritual,North India,Rishikesh
Medium,4,Autumn,Couple,Nature,Northeast India,Darjeeling
Medium,4,Spring,Couple,Historical,North India,Jaipur
Medium,3,Winter,Friends,Adventure,South India,Hyderabad
High,7,Winter,Friends,Mountains,North India,Manali
Medium,5,Monsoon,Friends,Adventure,South India,Coorg
High,4,Winter,Family,Historical,North India,Jaipur
Medium,4,Winter,Couple,Historical,North India,Jaipur
Medium,3,Spring,Friends,Spiritual,North India,Rishikesh
Medium,4,Winter,Couple,Mountains,South India,Munnar
Low,3,Winter,Family,Spiritual,North India,Varanasi
High,7,Summer,Friends,Adventure,North India,Manali
High,9,Winter,Family,Beach,South India,Andaman
High,8,Summer,Couple,Mountains,North India,Kashmir
Medium,3,Summer,Family,Mountains,South India,Ooty
Medium,2,Winter,Solo,Historical,South India,Hyderabad
High,7,Summer,Family,Nature,North India,Kashmir
High,4,Spring,Family,Historical,West India,Udaipur
Low,2,Autumn,Solo,Spiritual,North India,Varanasi
Low,3,Winter,Family,Nature,South India,Araku Valley
Medium,5,Winter,Couple,Nature,South India,Munnar
High,8,Winter,Friends,Beach,East India,Andaman
Medium,2,Winter,Family,Historical,North India,Jaipur
Medium,8,Winter,Couple,Mountains,North India,Manali
Low,3,Autumn,Family,Historical,South India,Mysore
Medium,5,Spring,Friends,Spiritual,North India,Rishikesh
Medium,3,Summer,Family,Mountains,South India,Ooty
Medium,2,Monsoon,Family,Nature,South India,Araku Valley
Low,4,Autumn,Friends,Historical,South India,Hyderabad
Medium,5,Winter,Family,Mountains,South India,Munnar
High,3,Winter,Couple,Nature,South India,Munnar
Medium,4,Winter,Couple,Nature,South India,Munnar
Medium,3,Winter,Couple,Historical,North India,Jaipur
High,3,Winter,Couple,Historical,West India,Udaipur
High,6,Spring,Couple,Historical,North India,Udaipur
High,3,Winter,Family,Mountains,South India,Munnar
Medium,5,Summer,Couple,Nature,South India,Ooty
High,6,Summer,Couple,Mountains,North India,Kashmir
Low,4,Autumn,Solo,Historical,South India,Mysore
High,3,Winter,Couple,Nature,North India,Udaipur
High,7,Summer,Family,Mountains,North India,Kashmir
High,8,Winter,Family,Adventure,South India,Andaman
High,4,Monsoon,Friends,Beach,West India,Goa
Medium,4,Winter,Couple,Mountains,South India,Munnar
Low,6,Spring,Friends,Adventure,North India,Rishikesh
Medium,2,Autumn,Couple,Nature,South India,Araku Valley
Low,3,Spring,Family,Nature,South India,Ooty
Medium,5,Spring,Solo,Nature,Northeast India,Darjeeling
Medium,6,Autumn,Solo,Spiritual,North India,Rishikesh
Low,2,Winter,Family,Nature,South India,Araku Valley
Low,4,Winter,Family,Nature,South India,Araku Valley
High,4,Winter,Couple,Historical,North India,Jaipur
Medium,4,Winter,Solo,Beach,West India,Goa
Medium,3,Spring,Family,Nature,South India,Ooty
Medium,2,Winter,Couple,Adventure,South India,Coorg
Medium,4,Spring,Solo,Adventure,North India,Rishikesh
Medium,3,Winter,Family,Spiritual,North India,Jaipur
Low,2,Autumn,Family,Spiritual,North India,Varanasi
Medium,6,Spring,Family,Nature,Northeast India,Darjeeling
Medium,7,Winter,Friends,Adventure,North India,Manali
High,8,Spring,Family,Beach,East India,Andaman
Medium,6,Autumn,Friends,Adventure,North India,Rishikesh
Low,2,Monsoon,Family,Nature,South India,Araku Valley
Medium,5,Monsoon,Family,Mountains,South India,Munnar
Low,2,Winter,Family,Nature,South India,Araku Valley
Medium,3,Summer,Friends,Spiritual,North India,Rishikesh
Low,4,Spring,Couple,Mountains,South India,Ooty
Low,6,Summer,Couple,Mountains,South India,Ooty
Medium,5,Spring,Family,Mountains,Northeast India,Darjeeling
High,4,Spring,Couple,Historical,West India,Udaipur
High,7,Summer,Couple,Mountains,North India,Kashmir
Low,5,Autumn,Friends,Spiritual,North India,Rishikesh
Medium,2,Winter,Friends,Nature,South India,Coorg
High,8,Winter,Couple,Mountains,North India,Kashmir
High,4,Monsoon,Friends,Adventure,South India,Coorg
High,3,Winter,Solo,Historical,North India,Jaipur
Low,4,Winter,Family,Spiritual,North India,Varanasi
Medium,3,Winter,Couple,Historical,North India,Jaipur
Medium,5,Monsoon,Couple,Mountains,South India,Munnar
Medium,3,Spring,Family,Historical,North India,Jaipur
High,7,Summer,Couple,Mountains,North India,Kashmir
Low,4,Summer,Family,Mountains,South India,Ooty
High,3,Winter,Couple,Historical,North India,Jaipur
Medium,4,Summer,Solo,Adventure,North India,Rishikesh
Medium,7,Winter,Solo,Mountains,North India,Manali
High,9,Winter,Family,Adventure,South India,Andaman
Low,3,Summer,Solo,Adventure,North India,Rishikesh
Low,4,Winter,Solo,Adventure,South India,Hyderabad
Low,3,Autumn,Solo,Spiritual,North India,Varanasi
High,2,Spring,Family,Historical,North India,Jaipur
Low,5,Winter,Friends,Beach,West India,Goa
High,5,Winter,Couple,Nature,North India,Udaipur
High,7,Summer,Family,Nature,North India,Kashmir
Medium,4,Summer,Family,Mountains,South India,Ooty
Medium,3,Spring,Couple,Spiritual,North India,Jaipur
Medium,3,Autumn,Friends,Spiritual,North India,Rishikesh
Low,3,Summer,Family,Nature,South India,Ooty
High,4,Spring,Family,Nature,Northeast India,Darjeeling
Medium,5,Monsoon,Couple,Mountains,South India,Munnar
High,8,Spring,Couple,Beach,South India,Andaman
High,9,Winter,Couple,Beach,South India,Andaman
Medium,3,Monsoon,Couple,Adventure,South India,Coorg
Low,2,Winter,Family,Historical,South India,Mysore
High,3,Winter,Family,Historical,North India,Jaipur
Low,3,Autumn,Solo,Historical,South India,Mysore
Medium,3,Monsoon,Family,Nature,South India,Araku Valley
High,5,Summer,Friends,Beach,West India,Goa
Medium,7,Summer,Friends,Mountains,North India,Manali
Medium,2,Winter,Family,Wildlife,South India,Araku Valley
Medium,5,Summer,Couple,Beach,West India,Goa
High,4,Winter,Family,Nature,West India,Udaipur
Medium,4,Autumn,Couple,Nature,South India,Araku Valley
Medium,2,Monsoon,Friends,Nature,South India,Coorg
High,8,Winter,Family,Mountains,North India,Kashmir
High,6,Winter,Couple,Beach,South India,Andaman
Medium,2,Monsoon,Couple,Adventure,South India,Coorg
Low,3,Spring,Friends,Adventure,North India,Rishikesh
Medium,6,Winter,Friends,Adventure,West India,Goa
High,4,Winter,Couple,Historical,West India,Udaipur
High,6,Monsoon,Couple,Mountains,South India,Munnar
Low,3,Monsoon,Family,Nature,South India,Araku Valley
High,7,Summer,Couple,Mountains,North India,Kashmir
Low,3,Winter,Family,Spiritual,North India,Varanasi
High,8,Winter,Family,Nature,North India,Kashmir
Low,4,Spring,Solo,Adventure,North India,Rishikesh
Medium,4,Summer,Solo,Beach,West India,Goa
Medium,3,Monsoon,Friends,Nature,South India,Coorg
High,7,Winter,Family,Beach,South India,Andaman
Low,3,Autumn,Family,Wildlife,South India,Araku Valley
Medium,5,Monsoon,Couple,Mountains,South India,Munnar
Medium,3,Autumn,Solo,Historical,South India,Mysore
High,8,Winter,Couple,Beach,South India,Andaman
High,6,Summer,Family,Mountains,North India,Kashmir
Low,2,Winter,Friends,Historical,South India,Hyderabad
High,9,Spring,Couple,Adventure,East India,Andaman
High,4,Winter,Couple,Nature,South India,Munnar
Low,2,Winter,Family,Historical,South India,Mysore
Low,4,Winter,Solo,Historical,South India,Hyderabad
Low,5,Summer,Friends,Adventure,North India,Rishikesh
Low,4,Winter,Solo,Historical,South India,Hyderabad
High,5,Winter,Couple,Nature,West India,Udaipur
Medium,6,Summer,Couple,Beach,West India,Goa
High,3,Winter,Family,Historical,North India,Jaipur
Medium,3,Spring,Solo,Historical,North India,Jaipur
Medium,5,Monsoon,Family,Mountains,South India,Munnar
Medium,4,Winter,Family,Historical,West India,Udaipur
Medium,4,Autumn,Solo,Spiritual,North India,Varanasi
Medium,4,Summer,Family,Mountains,South India,Ooty
Low,3,Winter,Family,Spiritual,North India,Varanasi
Low,3,Winter,Family,Wildlife,South India,Araku Valley
Low,4,Winter,Family,Spiritual,North India,Varanasi
High,3,Winter,Couple,Historical,North India,Jaipur
High,8,Winter,Couple,Nature,North India,Kashmir
Medium,5,Winter,Couple,Nature,South India,Coorg
Medium,5,Winter,Couple,Mountains,South India,Munnar
High,6,Summer,Couple,Mountains,North India,Manali
Medium,3,Summer,Family,Mountains,South India,Ooty
Medium,4,Summer,Family,Mountains,South India,Ooty
Medium,4,Monsoon,Couple,Beach,West India,Goa
High,7,Winter,Family,Beach,South India,Andaman
Medium,4,Winter,Solo,Spiritual,North India,Varanasi
Low,2,Autumn,Couple,Nature,South India,Araku Valley
Medium,4,Winter,Solo,Spiritual,North India,Varanasi
Low,5,Summer,Couple,Mountains,South India,Ooty
High,3,Spring,Couple,Historical,West India,Udaipur
Low,3,Winter,Solo,Spiritual,North India,Varanasi
Medium,4,Monsoon,Couple,Mountains,South India,Munnar
Medium,4,Summer,Solo,Spiritual,North India,Rishikesh
Medium,4,Monsoon,Couple,Nature,South India,Munnar
High,3,Winter,Family,Spiritual,North India,Jaipur
Medium,4,Summer,Couple,Mountains,South India,Ooty
Medium,3,Autumn,Solo,Historical,South India,Mysore
Medium,5,Spring,Couple,Historical,North India,Jaipur
Medium,3,Autumn,Family,Historical,South India,Mysore
High,3,Spring,Couple,Historical,West India,Udaipur
High,5,Winter,Solo,Adventure,West India,Goa
High,7,Summer,Couple,Mountains,North India,Kashmir
Medium,5,Winter,Family,Mountains,South India,Munnar
Low,3,Winter,Solo,Spiritual,North India,Varanasi
High,7,Spring,Family,Adventure,South India,Andaman
Low,3,Autumn,Solo,Spiritual,North India,Varanasi
Low,5,Spring,Solo,Spiritual,North India,Rishikesh
High,3,Winter,Family,Mountains,South India,Munnar
Low,4,Winter,Solo,Historical,South India,Hyderabad
Medium,6,Winter,Family,Mountains,South India,Munnar
High,7,Winter,Friends,Mountains,North India,Manali
Low,4,Spring,Family,Mountains,South India,Ooty
High,5,Spring,Couple,Historical,North India,Udaipur
High,2,Winter,Family,Historical,North India,Jaipur
Medium,5,Spring,Solo,Adventure,North India,Rishikesh
High,4,Winter,Family,Mountains,South India,Munnar
Medium,9,Spring,Solo,Adventure,North India,Manali
Medium,3,Spring,Solo,Historical,North India,Jaipur
Medium,6,Autumn,Couple,Nature,East India,Darjeeling
Low,5,Spring,Solo,Adventure,North India,Rishikesh
Low,2,Winter,Family,Wildlife,South India,Araku Valley
High,3,Winter,Couple,Nature,West India,Udaipur
High,5,Spring,Family,Historical,North India,Jaipur
High,6,Monsoon,Friends,Beach,West India,Goa
Medium,3,Summer,Couple,Mountains,South India,Ooty
Low,4,Spring,Friends,Spiritual,North India,Rishikesh
Low,2,Autumn,Family,Spiritual,North India,Varanasi
Medium,5,Winter,Family,Historical,North India,Jaipur
High,9,Spring,Friends,Beach,South India,Andaman
Medium,4,Winter,Couple,Nature,South India,Coorg
Medium,4,Winter,Couple,Historical,North India,Jaipur
High,9,Winter,Family,Mountains,North India,Kashmir
High,9,Spring,Family,Beach,East India,Andaman
High,9,Winter,Family,Mountains,North India,Kashmir
High,4,Winter,Family,Historical,North India,Jaipur
Medium,3,Winter,Solo,Historical,South India,Hyderabad
High,6,Summer,Friends,Adventure,North India,Manali
Medium,5,Monsoon,Friends,Beach,West India,Goa
Medium,3,Monsoon,Couple,Nature,South India,Coorg
High,3,Spring,Family,Historical,North India,Jaipur
Medium,2,Winter,Friends,Nature,South India,Coorg
Low,3,Winter,Solo,Spiritual,North India,Varanasi
High,9,Winter,Couple,Beach,South India,Andaman
Medium,5,Winter,Couple,Historical,West India,Udaipur
High,5,Monsoon,Couple,Mountains,South India,Munnar
Low,3,Autumn,Friends,Historical,South India,Hyderabad
Medium,6,Winter,Friends,Adventure,North India,Manali
High,6,Spring,Couple,Mountains,East India,Darjeeling
Medium,4,Winter,Family,Historical,North India,Jaipur
Medium,3,Winter,Couple,Nature,South India,Munnar
Low,4,Winter,Solo,Spiritual,North India,Varanasi
High,8,Winter,Couple,Mountains,North India,Kashmir
High,8,Summer,Family,Mountains,North India,Kashmir
Medium,5,Spring,Couple,Nature,East India,Darjeeling
Low,4,Monsoon,Couple,Nature,South India,Araku Valley
High,7,Summer,Couple,Nature,North India,Kashmir
Medium,3,Summer,Couple,Mountains,South India,Ooty
Medium,3,Monsoon,Friends,Adventure,South India,Coorg
Low,4,Winter,Family,Spiritual,North India,Varanasi
Low,4,Autumn,Family,Historical,South India,Mysore
Low,4,Summer,Family,Mountains,South India,Ooty
Low,4,Spring,Family,Nature,South India,Ooty
Low,3,Winter,Solo,Historical,South India,Hyderabad
Medium,3,Autumn,Solo,Historical,South India,Hyderabad
Low,3,Winter,Solo,Spiritual,South India,Mysore
Low,2,Autumn,Solo,Historical,South India,Mysore
Medium,3,Winter,Family,Historical,North India,Jaipur
Low,3,Autumn,Family,Historical,South India,Mysore
High,5,Winter,Friends,Beach,West India,Goa
Medium,6,Winter,Couple,Historical,West India,Udaipur
Low,5,Summer,Family,Mountains,South India,Ooty
Low,3,Winter,Solo,Spiritual,North India,Varanasi
Medium,5,Spring,Couple,Mountains,East India,Darjeeling
High,8,Winter,Friends,Beach,East India,Andaman
Low,3,Autumn,Family,Nature,South India,Araku Valley
Low,3,Winter,Solo,Spiritual,South India,Mysore
Medium,4,Spring,Couple,Mountains,South India,Ooty
Low,2,Autumn,Family,Historical,South India,Mysore
Medium,6,Winter,Friends,Mountains,North India,Manali
Low,2,Winter,Family,Nature,South India,Araku Valley
Medium,3,Autumn,Solo,Adventure,South India,Hyderabad
Medium,6,Monsoon,Solo,Beach,West India,Goa
High,4,Monsoon,Couple,Beach,West India,Goa
High,4,Spring,Family,Historical,North India,Jaipur
Medium,3,Winter,Couple,Historical,North India,Jaipur
Medium,2,Autumn,Family,Historical,South India,Mysore
High,6,Winter,Family,Historical,West India,Udaipur
Medium,5,Winter,Couple,Nature,South India,Coorg
Low,2,Autumn,Friends,Historical,South India,Hyderabad
High,7,Winter,Couple,Beach,South India,Andaman
Medium,2,Winter,Solo,Spiritual,North India,Varanasi
Low,4,Winter,Family,Nature,South India,Araku Valley
Low,2,Autumn,Solo,Spiritual,North India,Varanasi
Low,2,Winter,Family,Spiritual,South India,Mysore
High,7,Winter,Family,Mountains,North India,Kashmir
Low,4,Winter,Couple,Beach,West India,Goa
Low,3,Spring,Friends,Spiritual,North India,Rishikesh
High,7,Summer,Family,Nature,North India,Kashmir
Low,4,Winter,Friends,Beach,West India,Goa
High,8,Spring,Friends,Adventure,East India,Andaman
Medium,5,Summer,Family,Mountains,South India,Ooty
Medium,4,Winter,Family,Historical,West India,Udaipur
High,3,Winter,Couple,Historical,West India,Udaipur
Medium,3,Autumn,Friends,Historical,South India,Hyderabad
High,5,Monsoon,Couple,Adventure,West India,Goa
Low,5,Spring,Friends,Adventure,North India,Rishikesh
Low,3,Winter,Friends,Adventure,South India,Hyderabad
High,8,Summer,Couple,Nature,North India,Kashmir
Medium,6,Monsoon,Couple,Nature,South India,Munnar
Low,4,Winter,Solo,Spiritual,North India,Varanasi
High,5,Winter,Couple,Historical,West India,Udaipur
Medium,3,Autumn,Solo,Historical,South India,Hyderabad
High,8,Spring,Couple,Beach,South India,Andaman
Low,2,Winter,Family,Historical,South India,Mysore
Medium,5,Monsoon,Friends,Beach,West India,Goa
Low,4,Autumn,Family,Spiritual,North India,Varanasi
Low,3,Winter,Family,Wildlife,South India,Araku Valley
High,3,Winter,Family,Historical,North India,Jaipur
High,7,Winter,Couple,Mountains,North India,Manali
Medium,3,Winter,Solo,Spiritual,North India,Varanasi
Low,4,Spring,Solo,Adventure,North India,Rishikesh
Medium,7,Spring,Family,Nature,Northeast India,Darjeeling
Low,3,Summer,Couple,Mountains,South India,Ooty
Medium,2,Winter,Solo,Historical,North India,Jaipur
High,4,Spring,Couple,Mountains,East India,Darjeeling
Medium,4,Summer,Family,Mountains,South India,Ooty
Medium,4,Winter,Family,Historical,North India,Jaipur
High,7,Summer,Couple,Nature,North India,Kashmir
Low,3,Winter,Couple,Nature,South India,Araku Valley
Medium,3,Summer,Couple,Nature,South India,Ooty
Medium,2,Autumn,Solo,Adventure,South India,Hyderabad
Medium,5,Winter,Couple,Mountains,South India,Munnar
Medium,3,Winter,Solo,Spiritual,North India,Varanasi
Medium,6,Autumn,Family,Nature,Northeast India,Darjeeling
High,5,Monsoon,Couple,Beach,West India,Goa
Medium,2,Autumn,Solo,Spiritual,South India,Mysore
High,9,Winter,Couple,Mountains,North India,Kashmir
Medium,2,Autumn,Family,Historical,South India,Mysore
High,5,Spring,Friends,Mountains,North India,Manali
Medium,6,Spring,Couple,Mountains,South India,Ooty
High,8,Winter,Couple,Beach,South India,Andaman
High,4,Winter,Couple,Nature,South India,Munnar
High,5,Monsoon,Friends,Adventure,West India,Goa
Medium,4,Winter,Solo,Spiritual,North India,Jaipur
High,6,Summer,Couple,Nature,North India,Kashmir
Low,3,Autumn,Solo,Historical,South India,Hyderabad
Low,5,Monsoon,Solo,Beach,West India,Goa
High,6,Summer,Couple,Nature,North India,Kashmir
Low,3,Winter,Couple,Nature,South India,Araku Valley
Low,3,Summer,Family,Nature,South India,Ooty
High,7,Summer,Couple,Mountains,North India,Kashmir
Medium,5,Monsoon,Friends,Beach,West India,Goa
High,5,Monsoon,Couple,Beach,West India,Goa
High,3,Winter,Couple,Nature,North India,Udaipur
High,8,Summer,Couple,Mountains,North India,Kashmir
High,6,Monsoon,Friends,Beach,West India,Goa
Low,2,Winter,Solo,Historical,South India,Hyderabad
Low,4,Monsoon,Couple,Nature,South India,Araku Valley
Low,4,Winter,Friends,Adventure,South India,Hyderabad
Low,3,Winter,Solo,Historical,South India,Mysore
High,7,Spring,Couple,Beach,South India,Andaman
Medium,2,Winter,Family,Nature,South India,Araku Valley
High,3,Winter,Couple,Nature,West India,Udaipur
High,4,Winter,Couple,Historical,North India,Jaipur
Medium,5,Autumn,Solo,Nature,East India,Darjeeling
High,6,Spring,Family,Mountains,East India,Darjeeling
Low,3,Autumn,Family,Spiritual,North India,Varanasi
Medium,4,Winter,Couple,Mountains,South India,Munnar
High,6,Winter,Friends,Adventure,North India,Manali
Low,2,Autumn,Couple,Wildlife,South India,Araku Valley
Low,3,Winter,Couple,Nature,South India,Araku Valley
High,6,Winter,Friends,Beach,West India,Goa
High,3,Winter,Friends,Adventure,South India,Coorg
High,5,Monsoon,Solo,Beach,West India,Goa
Medium,4,Spring,Couple,Mountains,East India,Darjeeling
High,6,Winter,Couple,Beach,East India,Andaman
High,7,Summer,Friends,Adventure,North India,Manali
Medium,3,Monsoon,Couple,Adventure,South India,Coorg
High,6,Winter,Solo,Beach,West India,Goa
High,5,Spring,Solo,Mountains,Northeast India,Darjeeling
Low,4,Autumn,Friends,Spiritual,North India,Rishikesh
High,6,Spring,Family,Mountains,East India,Darjeeling
High,4,Spring,Family,Historical,West India,Udaipur
Low,2,Winter,Family,Spiritual,North India,Varanasi
Low,4,Autumn,Family,Spiritual,North India,Varanasi
Medium,2,Autumn,Family,Historical,South India,Mysore
Medium,4,Spring,Family,Mountains,South India,Ooty
High,7,Summer,Couple,Mountains,North India,Kashmir
Medium,5,Spring,Family,Mountains,Northeast India,Darjeeling
High,6,Winter,Couple,Beach,West India,Goa
High,5,Spring,Family,Historical,North India,Jaipur
Low,3,Winter,Friends,Adventure,South India,Hyderabad
High,8,Summer,Couple,Mountains,North India,Kashmir
Medium,3,Autumn,Solo,Historical,South India,Mysore
Low,2,Winter,Couple,Nature,South India,Araku Valley
High,7,Summer,Family,Mountains,North India,Kashmir
High,5,Winter,Couple,Beach,West India,Goa
Medium,5,Spring,Couple,Historical,West India,Udaipur
High,8,Summer,Couple,Nature,North India,Kashmir
High,4,Winter,Family,Historical,North India,Jaipur
Medium,4,Winter,Friends,Beach,West India,Goa
High,3,Monsoon,Friends,Adventure,South India,Coorg
High,6,Winter,Friends,Mountains,North India,Manali
Medium,5,Winter,Friends,Adventure,North India,Manali
Medium,2,Winter,Friends,Historical,South India,Hyderabad
High,5,Spring,Family,Mountains,East India,Darjeeling
High,7,Spring,Friends,Beach,South India,Andaman
Medium,4,Autumn,Friends,Adventure,South India,Hyderabad
Low,3,Winter,Solo,Spiritual,North India,Varanasi
Medium,2,Winter,Solo,Historical,South India,Hyderabad
Medium,6,Spring,Solo,Spiritual,North India,Rishikesh
Low,3,Autumn,Solo,Spiritual,South India,Mysore
Low,4,Spring,Family,Nature,South India,Ooty
Low,2,Autumn,Solo,Adventure,South India,Hyderabad
Medium,7,Spring,Couple,Mountains,North India,Manali
Low,4,Summer,Solo,Adventure,North India,Rishikesh
High,6,Summer,Couple,Mountains,North India,Kashmir
Low,2,Autumn,Family,Spiritual,South India,Mysore
High,5,Spring,Couple,Historical,West India,Udaipur
High,7,Spring,Family,Beach,South India,Andaman
Medium,5,Spring,Solo,Mountains,Northeast India,Darjeeling
Medium,4,Winter,Family,Mountains,South India,Munnar
High,6,Autumn,Couple,Nature,East India,Darjeeling
High,5,Summer,Friends,Beach,West India,Goa
Low,5,Spring,Family,Mountains,South India,Ooty
High,4,Winter,Couple,Historical,West India,Udaipur
High,6,Spring,Family,Nature,East India,Darjeeling
Low,5,Spring,Family,Mountains,South India,Ooty
Low,4,Winter,Family,Spiritual,North India,Varanasi
Medium,6,Winter,Friends,Adventure,North India,Manali
Low,3,Winter,Couple,Nature,South India,Araku Valley
Medium,4,Winter,Couple,Nature,West India,Udaipur
Low,2,Winter,Family,Spiritual,North India,Varanasi
Low,2,Autumn,Family,Spiritual,South India,Mysore
Medium,4,Monsoon,Couple,Nature,South India,Coorg
Medium,4,Monsoon,Friends,Nature,South India,Coorg
High,9,Winter,Couple,Beach,South India,Andaman
Medium,6,Spring,Family,Mountains,South India,Ooty
High,8,Winter,Family,Beach,South India,Andaman
High,8,Summer,Family,Mountains,North India,Kashmir
Low,2,Winter,Family,Spiritual,North India,Varanasi
High,7,Summer,Family,Nature,North India,Kashmir
Medium,4,Winter,Family,Spiritual,North India,Jaipur
Low,3,Autumn,Family,Historical,South India,Mysore
Medium,6,Summer,Solo,Mountains,North India,Manali
High,8,Summer,Friends,Adventure,North India,Manali
High,5,Winter,Couple,Mountains,South India,Munnar
Medium,5,Summer,Friends,Adventure,West India,Goa
High,4,Summer,Friends,Beach,West India,Goa
High,4,Winter,Solo,Historical,North India,Jaipur
High,7,Summer,Couple,Mountains,North India,Kashmir
High,5,Winter,Couple,Historical,West India,Udaipur
Low,4,Spring,Friends,Spiritual,North India,Rishikesh
Medium,3,Winter,Couple,Historical,West India,Udaipur
High,8,Winter,Family,Nature,North India,Kashmir
Low,3,Winter,Solo,Spiritual,North India,Varanasi
Medium,3,Winter,Couple,Historical,West India,Udaipur
Medium,3,Spring,Family,Mountains,South India,Ooty
High,8,Winter,Friends,Beach,South India,Andaman
High,4,Spring,Family,Historical,North India,Jaipur
Medium,4,Monsoon,Friends,Adventure,South India,Coorg
Medium,2,Autumn,Friends,Adventure,South India,Hyderabad
Medium,5,Monsoon,Friends,Beach,West India,Goa
Medium,6,Winter,Couple,Beach,West India,Goa
Medium,3,Spring,Family,Mountains,South India,Ooty
Medium,2,Monsoon,Friends,Nature,South India,Coorg
Medium,3,Autumn,Family,Historical,South India,Mysore
High,8,Summer,Family,Mountains,North India,Kashmir
Medium,5,Monsoon,Couple,Beach,West India,Goa
High,3,Monsoon,Friends,Nature,South India,Coorg
Low,2,Autumn,Solo,Historical,South India,Hyderabad
High,4,Winter,Family,Historical,North India,Udaipur
Medium,5,Summer,Couple,Mountains,South India,Ooty
Medium,5,Winter,Couple,Mountains,South India,Munnar
Low,5,Winter,Couple,Beach,West India,Goa
High,6,Winter,Couple,Beach,West India,Goa
High,2,Winter,Couple,Adventure,South India,Coorg
High,7,Winter,Family,Beach,South India,Andaman
Low,3,Spring,Friends,Adventure,North India,Rishikesh
Medium,3,Winter,Family,Nature,South India,Munnar
High,4,Spring,Family,Mountains,East India,Darjeeling
High,7,Summer,Couple,Nature,North India,Kashmir
High,8,Winter,Family,Mountains,North India,Kashmir
High,4,Winter,Solo,Historical,North India,Jaipur
Medium,2,Winter,Family,Historical,South India,Mysore
Low,3,Monsoon,Family,Wildlife,South India,Araku Valley
Low,2,Winter,Couple,Nature,South India,Araku Valley
High,3,Winter,Couple,Historical,West India,Udaipur
Low,3,Autumn,Family,Historical,South India,Mysore
Low,3,Winter,Solo,Spiritual,North India,Varanasi
High,8,Spring,Family,Beach,East India,Andaman
Low,5,Summer,Family,Nature,South India,Ooty
Medium,3,Spring,Family,Historical,North India,Jaipur
High,8,Spring,Couple,Adventure,South India,Andaman
High,8,Summer,Family,Mountains,North India,Kashmir
Medium,6,Spring,Solo,Adventure,North India,Manali
High,8,Winter,Couple,Beach,South India,Andaman
Low,2,Winter,Friends,Historical,South India,Hyderabad
Medium,7,Winter,Friends,Mountains,North India,Manali
Medium,4,Autumn,Couple,Mountains,East India,Darjeeling
Medium,5,Summer,Couple,Mountains,South India,Ooty
Medium,4,Monsoon,Couple,Mountains,South India,Munnar
Medium,3,Summer,Couple,Mountains,South India,Ooty
Low,2,Autumn,Family,Spiritual,North India,Varanasi
High,5,Winter,Couple,Mountains,South India,Munnar
High,5,Winter,Family,Nature,North India,Udaipur
Low,2,Winter,Family,Nature,South India,Araku Valley
Medium,6,Spring,Couple,Nature,East India,Darjeeling
Medium,3,Monsoon,Couple,Nature,South India,Coorg
High,7,Winter,Couple,Beach,South India,Andaman
High,6,Winter,Couple,Beach,West India,Goa
Low,2,Winter,Family,Nature,South India,Araku Valley
High,3,Spring,Family,Historical,North India,Jaipur
Low,4,Winter,Solo,Spiritual,North India,Varanasi
High,8,Winter,Family,Mountains,North India,Kashmir
Low,3,Autumn,Friends,Adventure,North India,Rishikesh
Medium,2,Autumn,Solo,Adventure,South India,Hyderabad
High,5,Winter,Couple,Mountains,South India,Munnar
Medium,6,Autumn,Family,Mountains,East India,Darjeeling
High,7,Winter,Couple,Beach,South India,Andaman
Low,3,Summer,Friends,Adventure,North India,Rishikesh
Medium,6,Summer,Friends,Spiritual,North India,Rishikesh
High,5,Monsoon,Family,Nature,South India,Munnar
Medium,4,Winter,Family,Spiritual,North India,Varanasi
Low,2,Winter,Solo,Spiritual,North India,Varanasi
Low,2,Winter,Family,Nature,South India,Araku Valley
Medium,5,Monsoon,Couple,Nature,South India,Coorg
Low,3,Winter,Family,Wildlife,South India,Araku Valley
Low,4,Winter,Family,Nature,South India,Araku Valley
Low,4,Winter,Solo,Historical,South India,Hyderabad
Medium,4,Autumn,Friends,Historical,South India,Hyderabad
High,7,Winter,Family,Adventure,South India,Andaman
High,6,Summer,Friends,Mountains,North India,Manali
Medium,5,Autumn,Solo,Mountains,East India,Darjeeling
Medium,4,Monsoon,Couple,Nature,South India,Araku Valley
High,7,Winter,Couple,Beach,South India,Andaman
High,4,Monsoon,Couple,Nature,South India,Munnar
Low,3,Winter,Solo,Spiritual,North India,Varanasi
High,4,Winter,Couple,Historical,West India,Udaipur
Low,2,Winter,Solo,Adventure,South India,Hyderabad
Medium,4,Winter,Solo,Spiritual,North India,Varanasi
Medium,4,Winter,Solo,Historical,North India,Jaipur
High,5,Winter,Couple,Beach,West India,Goa
High,8,Winter,Family,Beach,South India,Andaman
High,4,Spring,Couple,Historical,North India,Jaipur
Medium,5,Summer,Couple,Adventure,North India,Manali
Medium,5,Winter,Family,Mountains,South India,Munnar
Medium,2,Autumn,Family,Historical,South India,Mysore
Medium,3,Spring,Solo,Historical,North India,Jaipur
Medium,2,Autumn,Friends,Adventure,South India,Hyderabad
Medium,6,Monsoon,Friends,Beach,West India,Goa
Medium,4,Winter,Family,Historical,North India,Jaipur
High,4,Winter,Family,Mountains,South India,Munnar
Medium,4,Winter,Couple,Historical,West India,Udaipur
Medium,5,Spring,Family,Mountains,East India,Darjeeling
Medium,5,Winter,Couple,Beach,West India,Goa
Medium,2,Winter,Couple,Nature,South India,Coorg
Low,4,Spring,Solo,Spiritual,North India,Rishikesh
Medium,4,Winter,Family,Historical,North India,Jaipur
Medium,4,Winter,Family,Mountains,South India,Munnar
Medium,3,Winter,Family,Nature,South India,Araku Valley
Low,4,Spring,Solo,Spiritual,North India,Rishikesh
Medium,6,Winter,Solo,Beach,West India,Goa
Medium,4,Autumn,Couple,Mountains,East India,Darjeeling
High,9,Winter,Friends,Beach,South India,Andaman
Medium,3,Autumn,Solo,Historical,South India,Mysore
Medium,3,Winter,Couple,Adventure,South India,Coorg
Low,3,Winter,Solo,Spiritual,North India,Varanasi
Medium,5,Summer,Couple,Mountains,South India,Ooty
Medium,3,Winter,Friends,Nature,South India,Coorg
High,2,Winter,Family,Historical,North India,Jaipur
Medium,2,Autumn,Solo,Historical,South India,Mysore
High,7,Summer,Couple,Adventure,North India,Manali
Medium,5,Summer,Family,Mountains,South India,Ooty
Medium,2,Autumn,Family,Historical,South India,Mysore
High,4,Monsoon,Friends,Beach,West India,Goa
Low,5,Autumn,Friends,Adventure,North India,Rishikesh
Low,2,Winter,Solo,Historical,South India,Hyderabad
High,9,Winter,Couple,Adventure,East India,Andaman
High,9,Spring,Couple,Adventure,South India,Andaman
Medium,3,Monsoon,Couple,Adventure,South India,Coorg
Medium,4,Winter,Couple,Beach,West India,Goa
Low,3,Autumn,Friends,Spiritual,North India,Rishikesh
Medium,3,Monsoon,Couple,Mountains,South India,Munnar
Low,4,Winter,Solo,Spiritual,North India,Varanasi
Medium,5,Monsoon,Couple,Adventure,South India,Coorg
Low,5,Monsoon,Friends,Adventure,West India,Goa
High,7,Winter,Family,Beach,South India,Andaman
High,7,Winter,Couple,Adventure,South India,Andaman
High,8,Winter,Family,Nature,North India,Kashmir
High,7,Summer,Family,Nature,North India,Kashmir
High,8,Summer,Family,Mountains,North India,Kashmir
High,3,Winter,Family,Nature,West India,Udaipur
Medium,6,Monsoon,Couple,Mountains,South India,Munnar
Low,5,Summer,Couple,Mountains,South India,Ooty
Low,5,Autumn,Friends,Adventure,North India,Rishikesh
High,3,Winter,Couple,Historical,North India,Udaipur
High,6,Spring,Couple,Nature,Northeast India,Darjeeling
Medium,3,Spring,Family,Mountains,South India,Ooty
Medium,3,Autumn,Solo,Adventure,North India,Rishikesh
Low,5,Autumn,Solo,Adventure,North India,Rishikesh
Low,3,Autumn,Solo,Historical,South India,Hyderabad
Low,3,Autumn,Solo,Adventure,South India,Hyderabad
Low,2,Winter,Family,Spiritual,North India,Varanasi
Medium,3,Winter,Family,Historical,North India,Jaipur
Low,3,Winter,Family,Spiritual,North India,Varanasi
Low,4,Winter,Family,Spiritual,North India,Varanasi
High,4,Winter,Friends,Nature,South India,Coorg
Low,2,Autumn,Family,Historical,South India,Mysore
Medium,2,Autumn,Family,Spiritual,South India,Mysore
Medium,5,Spring,Couple,Mountains,South India,Ooty
High,4,Winter,Family,Historical,North India,Jaipur
High,9,Summer,Family,Nature,North India,Kashmir
Low,3,Winter,Friends,Historical,South India,Hyderabad
Low,4,Winter,Solo,Historical,South India,Hyderabad
High,2,Monsoon,Friends,Nature,South India,Coorg
Low,3,Winter,Solo,Adventure,South India,Hyderabad
Medium,4,Monsoon,Friends,Adventure,South India,Coorg
High,5,Winter,Couple,Nature,South India,Munnar
Medium,4,Winter,Solo,Spiritual,North India,Varanasi
High,5,Winter,Couple,Mountains,South India,Munnar
Low,2,Monsoon,Family,Nature,South India,Araku Valley
Medium,5,Spring,Family,Nature,South India,Ooty
Medium,5,Winter,Couple,Nature,South India,Coorg
Medium,4,Winter,Friends,Beach,West India,Goa
Medium,5,Winter,Couple,Mountains,South India,Munnar
High,5,Winter,Couple,Nature,North India,Udaipur
Medium,6,Winter,Couple,Mountains,South India,Munnar
High,3,Spring,Family,Historical,North India,Jaipur
Low,2,Winter,Solo,Historical,South India,Hyderabad
Medium,6,Winter,Couple,Mountains,North India,Manali
Medium,4,Winter,Family,Nature,South India,Munnar
Medium,5,Winter,Couple,Mountains,South India,Munnar
Medium,3,Winter,Solo,Spiritual,North India,Varanasi
Medium,3,Winter,Solo,Historical,North India,Jaipur
Medium,4,Summer,Family,Mountains,South India,Ooty
Medium,7,Summer,Friends,Adventure,North India,Manali
Medium,4,Spring,Family,Spiritual,North India,Jaipur
Medium,4,Winter,Couple,Adventure,South India,Coorg
Medium,6,Winter,Friends,Mountains,North India,Manali
Medium,3,Winter,Family,Historical,North India,Jaipur
High,8,Winter,Couple,Adventure,South India,Andaman
High,5,Autumn,Family,Mountains,Northeast India,Darjeeling
High,8,Winter,Family,Mountains,North India,Kashmir
Low,3,Winter,Family,Spiritual,North India,Varanasi
Low,3,Summer,Solo,Adventure,North India,Rishikesh
Low,4,Winter,Family,Spiritual,North India,Varanasi
Medium,4,Summer,Family,Mountains,South India,Ooty
Medium,2,Spring,Solo,Historical,North India,Jaipur
Medium,3,Spring,Family,Historical,North India,Jaipur
Low,2,Winter,Family,Historical,South India,Mysore
Medium,4,Winter,Solo,Beach,West India,Goa
Medium,4,Winter,Couple,Historical,North India,Udaipur
Low,2,Autumn,Solo,Spiritual,South India,Mysore
Low,3,Winter,Family,Nature,South India,Araku Valley
Medium,3,Winter,Family,Wildlife,South India,Araku Valley
High,6,Summer,Couple,Adventure,North India,Manali
Medium,7,Winter,Couple,Mountains,North India,Manali
High,5,Winter,Family,Historical,North India,Udaipur
Medium,2,Winter,Friends,Nature,South India,Coorg
Medium,3,Monsoon,Couple,Nature,South India,Araku Valley
Medium,7,Spring,Family,Mountains,East India,Darjeeling
Low,4,Spring,Friends,Spiritual,North India,Rishikesh
High,8,Summer,Couple,Nature,North India,Kashmir
Medium,4,Spring,Family,Nature,South India,Ooty
Low,4,Spring,Family,Mountains,South India,Ooty
Low,3,Autumn,Family,Spiritual,South India,Mysore
High,4,Monsoon,Couple,Mountains,South India,Munnar
Low,3,Summer,Couple,Mountains,South India,Ooty
Medium,5,Spring,Family,Mountains,East India,Darjeeling
Medium,3,Winter,Solo,Spiritual,North India,Varanasi
Medium,5,Winter,Friends,Mountains,North India,Manali
Medium,3,Spring,Couple,Nature,South India,Ooty
Medium,2,Autumn,Family,Historical,South India,Mysore
Medium,3,Winter,Couple,Nature,West India,Udaipur
Low,5,Spring,Solo,Adventure,North India,Rishikesh
Medium,5,Spring,Family,Nature,Northeast India,Darjeeling
High,4,Spring,Couple,Historical,West India,Udaipur
High,5,Winter,Couple,Historical,West India,Udaipur
Low,2,Autumn,Couple,Nature,South India,Araku Valley
High,7,Winter,Couple,Mountains,North India,Kashmir
High,3,Winter,Solo,Historical,North India,Jaipur
High,5,Monsoon,Couple,Nature,South India,Coorg
Low,3,Winter,Solo,Spiritual,North India,Varanasi
Medium,4,Summer,Couple,Nature,South India,Ooty
Medium,4,Summer,Family,Mountains,South India,Ooty
Low,2,Winter,Couple,Nature,South India,Araku Valley
Medium,5,Spring,Solo,Spiritual,North India,Rishikesh
Medium,3,Winter,Solo,Historical,South India,Hyderabad
Medium,4,Autumn,Solo,Historical,South India,Mysore
Medium,5,Winter,Couple,Nature,South India,Munnar
High,4,Winter,Family,Historical,West India,Udaipur
High,4,Spring,Family,Historical,North India,Jaipur
Medium,3,Spring,Couple,Historical,North India,Jaipur
Medium,2,Monsoon,Couple,Wildlife,South India,Araku Valley
Medium,2,Autumn,Family,Spiritual,North India,Varanasi
Low,2,Autumn,Solo,Spiritual,North India,Varanasi
Low,2,Winter,Solo,Historical,South India,Hyderabad
High,4,Winter,Couple,Historical,West India,Udaipur
High,8,Winter,Family,Mountains,North India,Kashmir
Low,2,Winter,Friends,Historical,South India,Hyderabad
Medium,4,Winter,Family,Nature,South India,Munnar
Low,3,Winter,Family,Spiritual,North India,Varanasi
Medium,5,Monsoon,Couple,Beach,West India,Goa
Low,5,Summer,Solo,Spiritual,North India,Rishikesh
High,6,Winter,Couple,Mountains,North India,Kashmir
Medium,2,Autumn,Couple,Nature,South India,Araku Valley
Medium,4,Winter,Friends,Beach,West India,Goa
Medium,7,Winter,Friends,Mountains,North India,Manali
High,9,Winter,Couple,Nature,North India,Kashmir
Medium,6,Winter,Solo,Adventure,North India,Manali
High,6,Winter,Couple,Historical,West India,Udaipur
Medium,3,Autumn,Family,Historical,South India,Mysore
High,6,Spring,Couple,Historical,West India,Udaipur
Medium,4,Winter,Couple,Nature,South India,Munnar
Medium,3,Autumn,Family,Historical,South India,Mysore
Low,3,Spring,Solo,Adventure,North India,Rishikesh
High,7,Winter,Friends,Adventure,East India,Andaman
Low,5,Winter,Couple,Beach,West India,Goa
Medium,2,Monsoon,Couple,Adventure,South India,Coorg
High,6,Spring,Friends,Mountains,North India,Manali
Medium,4,Autumn,Friends,Spiritual,North India,Rishikesh
High,8,Summer,Couple,Mountains,North India,Kashmir
Medium,4,Summer,Family,Nature,South India,Ooty
Medium,7,Winter,Friends,Mountains,North India,Manali
Low,4,Winter,Family,Wildlife,South India,Araku Valley
Medium,3,Autumn,Family,Nature,South India,Araku Valley
High,7,Winter,Couple,Mountains,North India,Manali
Medium,4,Monsoon,Solo,Beach,West India,Goa
Medium,6,Monsoon,Couple,Adventure,West India,Goa
Medium,2,Autumn,Family,Spiritual,South India,Mysore
Medium,4,Monsoon,Couple,Nature,South India,Munnar
Low,2,Winter,Solo,Spiritual,North India,Varanasi
Low,2,Winter,Couple,Nature,South India,Araku Valley
Medium,2,Winter,Family,Historical,South India,Mysore
High,7,Summer,Couple,Mountains,North India,Kashmir
High,5,Winter,Family,Spiritual,North India,Jaipur
Low,3,Autumn,Family,Spiritual,South India,Mysore
High,6,Spring,Couple,Historical,West India,Udaipur
Medium,8,Winter,Friends,Adventure,North India,Manali
Medium,6,Spring,Solo,Adventure,North India,Rishikesh
Low,7,Winter,Couple,Adventure,West India,Goa
Medium,2,Winter,Couple,Wildlife,South India,Araku Valley
Low,5,Winter,Couple,Beach,West India,Goa
High,7,Autumn,Couple,Mountains,East India,Darjeeling
Medium,5,Monsoon,Family,Mountains,South India,Munnar
High,4,Winter,Couple,Spiritual,North India,Jaipur
High,6,Summer,Couple,Mountains,North India,Kashmir
Medium,6,Summer,Friends,Mountains,North India,Manali
High,6,Autumn,Couple,Nature,Northeast India,Darjeeling
High,5,Monsoon,Family,Mountains,South India,Munnar
High,5,Winter,Couple,Historical,West India,Udaipur
Low,4,Spring,Solo,Spiritual,North India,Rishikesh
Medium,4,Winter,Couple,Nature,South India,Coorg
Medium,5,Winter,Friends,Beach,West India,Goa
High,7,Summer,Couple,Adventure,North India,Manali
High,4,Autumn,Couple,Nature,East India,Darjeeling
Medium,4,Monsoon,Couple,Mountains,South India,Munnar
Medium,6,Spring,Couple,Nature,East India,Darjeeling
Low,3,Winter,Family,Spiritual,North India,Varanasi
Medium,6,Monsoon,Couple,Mountains,South India,Munnar
Low,4,Autumn,Solo,Adventure,South India,Hyderabad
Medium,3,Autumn,Friends,Spiritual,North India,Rishikesh
Medium,4,Winter,Family,Mountains,South India,Munnar
High,8,Winter,Couple,Beach,South India,Andaman
Low,3,Winter,Family,Nature,South India,Araku Valley
High,3,Winter,Family,Historical,North India,Jaipur
Low,4,Summer,Friends,Beach,West India,Goa
Medium,3,Winter,Family,Mountains,South India,Munnar
Medium,4,Summer,Friends,Spiritual,North India,Rishikesh
Medium,2,Monsoon,Friends,Nature,South India,Coorg
Low,5,Autumn,Solo,Adventure,North India,Rishikesh
Low,2,Winter,Solo,Spiritual,North India,Varanasi
Low,4,Winter,Couple,Nature,South India,Araku Valley
Low,3,Winter,Couple,Nature,South India,Araku Valley
Low,4,Summer,Family,Mountains,South India,Ooty
High,9,Summer,Couple,Nature,North India,Kashmir
High,7,Summer,Family,Mountains,North India,Kashmir
Medium,5,Winter,Friends,Mountains,North India,Manali
Low,4,Winter,Family,Nature,South India,Araku Valley
High,6,Winter,Couple,Beach,West India,Goa
Low,5,Winter,Friends,Beach,West India,Goa
High,9,Winter,Friends,Beach,South India,Andaman
Low,2,Autumn,Family,Historical,South India,Mysore
Medium,6,Monsoon,Friends,Beach,West India,Goa
Low,2,Winter,Couple,Nature,South India,Araku Valley
Medium,4,Monsoon,Couple,Mountains,South India,Munnar
Low,4,Autumn,Solo,Spiritual,North India,Varanasi
High,6,Winter,Friends,Mountains,North India,Manali
Low,3,Summer,Family,Nature,South India,Ooty
High,6,Summer,Couple,Nature,North India,Kashmir
High,7,Summer,Family,Mountains,North India,Kashmir
High,6,Winter,Couple,Mountains,South India,Munnar
Medium,4,Autumn,Solo,Spiritual,North India,Rishikesh
Medium,5,Spring,Family,Historical,North India,Jaipur
Medium,4,Autumn,Family,Spiritual,North India,Varanasi
Medium,3,Winter,Solo,Spiritual,North India,Varanasi
Low,4,Autumn,Solo,Adventure,North India,Rishikesh
Low,4,Spring,Family,Mountains,South India,Ooty
Low,5,Spring,Couple,Mountains,South India,Ooty
Medium,3,Winter,Couple,Historical,West India,Udaipur
Medium,3,Summer,Family,Mountains,South India,Ooty
Low,4,Monsoon,Friends,Beach,West India,Goa
Medium,8,Winter,Friends,Adventure,North India,Manali
Medium,2,Winter,Family,Historical,North India,Jaipur
Medium,7,Winter,Friends,Adventure,North India,Manali
Medium,3,Summer,Family,Mountains,South India,Ooty
Medium,3,Winter,Solo,Spiritual,North India,Varanasi
Low,2,Autumn,Family,Spiritual,North India,Varanasi
Low,4,Autumn,Family,Spiritual,North India,Varanasi
High,4,Spring,Family,Mountains,East India,Darjeeling
High,5,Spring,Couple,Nature,West India,Udaipur
Low,4,Winter,Friends,Adventure,South India,Hyderabad
Medium,5,Autumn,Solo,Adventure,North India,Rishikesh
Medium,6,Autumn,Couple,Mountains,East India,Darjeeling
High,6,Summer,Couple,Mountains,North India,Manali
High,3,Spring,Couple,Historical,West India,Udaipur
Medium,6,Winter,Couple,Adventure,North India,Manali
High,6,Winter,Friends,Adventure,North India,Manali
High,4,Winter,Couple,Historical,West India,Udaipur
High,7,Winter,Couple,Mountains,North India,Kashmir
High,7,Winter,Couple,Adventure,East India,Andaman
Low,2,Winter,Solo,Spiritual,North India,Varanasi
Low,2,Autumn,Solo,Spiritual,North India,Varanasi
High,4,Winter,Couple,Historical,West India,Udaipur
Medium,2,Autumn,Solo,Spiritual,North India,Varanasi
High,8,Winter,Couple,Adventure,South India,Andaman
High,6,Winter,Family,Adventure,South India,Andaman
Medium,3,Winter,Couple,Nature,South India,Coorg
High,4,Winter,Family,Mountains,South India,Munnar
Medium,5,Spring,Couple,Historical,West India,Udaipur
Medium,5,Spring,Family,Nature,East India,Darjeeling
Low,2,Winter,Solo,Adventure,South India,Hyderabad
Medium,4,Summer,Couple,Mountains,South India,Ooty
Medium,6,Winter,Couple,Adventure,North India,Manali
Low,4,Winter,Friends,Historical,South India,Hyderabad
Medium,6,Winter,Couple,Beach,West India,Goa
High,3,Winter,Family,Nature,West India,Udaipur
High,8,Winter,Couple,Mountains,North India,Kashmir
High,5,Winter,Couple,Historical,West India,Udaipur
Low,4,Spring,Family,Nature,South India,Ooty
Medium,3,Monsoon,Couple,Nature,South India,Coorg
Medium,4,Summer,Couple,Nature,South India,Ooty
High,3,Spring,Family,Nature,West India,Udaipur
Medium,3,Winter,Couple,Historical,West India,Udaipur
Low,3,Winter,Couple,Beach,West India,Goa
Low,3,Winter,Family,Nature,South India,Araku Valley
Medium,7,Autumn,Couple,Mountains,East India,Darjeeling
Medium,4,Spring,Friends,Adventure,North India,Rishikesh
Low,3,Autumn,Solo,Spiritual,North India,Varanasi
Medium,6,Winter,Friends,Mountains,North India,Manali
Medium,2,Winter,Family,Historical,North India,Jaipur
Medium,3,Winter,Couple,Adventure,South India,Coorg
High,4,Autumn,Family,Mountains,Northeast India,Darjeeling
Medium,6,Autumn,Solo,Mountains,East India,Darjeeling
High,7,Summer,Couple,Mountains,North India,Manali
Low,3,Winter,Family,Spiritual,North India,Varanasi
High,8,Winter,Couple,Beach,East India,Andaman
Medium,2,Autumn,Family,Historical,South India,Mysore
Medium,4,Monsoon,Couple,Nature,South India,Coorg
Medium,5,Winter,Solo,Mountains,North India,Manali
Medium,6,Spring,Friends,Mountains,North India,Manali
Medium,4,Spring,Couple,Nature,North India,Udaipur
Low,3,Winter,Family,Spiritual,North India,Varanasi
Low,2,Winter,Family,Wildlife,South India,Araku Valley
Medium,5,Spring,Solo,Nature,Northeast India,Darjeeling
High,3,Winter,Couple,Historical,North India,Jaipur
Medium,4,Autumn,Solo,Historical,South India,Mysore
High,9,Summer,Couple,Nature,North India,Kashmir
High,4,Spring,Couple,Historical,West India,Udaipur
Medium,5,Summer,Couple,Nature,South India,Ooty
High,7,Spring,Family,Beach,South India,Andaman
Low,2,Winter,Couple,Wildlife,South India,Araku Valley
Low,3,Winter,Family,Spiritual,North India,Varanasi
High,5,Spring,Solo,Mountains,East India,Darjeeling
Medium,4,Summer,Couple,Mountains,South India,Ooty
Medium,5,Autumn,Family,Nature,East India,Darjeeling
Low,3,Summer,Friends,Beach,West India,Goa
High,5,Spring,Family,Nature,East India,Darjeeling
Low,2,Autumn,Family,Spiritual,South India,Mysore
High,3,Winter,Couple,Historical,West India,Udaipur
Medium,3,Autumn,Solo,Historical,South India,Hyderabad
Low,3,Winter,Couple,Nature,South India,Araku Valley
High,6,Summer,Solo,Mountains,North India,Manali
Low,4,Winter,Couple,Wildlife,South India,Araku Valley
Medium,3,Winter,Couple,Historical,West India,Udaipur
Low,3,Autumn,Family,Historical,South India,Mysore
Low,4,Winter,Solo,Spiritual,North India,Varanasi
Low,3,Summer,Couple,Mountains,South India,Ooty
Medium,4,Winter,Solo,Beach,West India,Goa
Medium,5,Winter,Family,Historical,North India,Jaipur
Medium,4,Winter,Solo,Spiritual,North India,Varanasi
Medium,4,Summer,Family,Mountains,South India,Ooty
Low,3,Winter,Family,Spiritual,North India,Varanasi
High,3,Winter,Couple,Historical,West India,Udaipur
High,5,Autumn,Family,Nature,East India,Darjeeling
High,8,Summer,Couple,Mountains,North India,Kashmir
Medium,3,Winter,Family,Historical,North India,Jaipur
Low,3,Autumn,Solo,Historical,South India,Mysore
Medium,4,Winter,Friends,Historical,South India,Hyderabad
High,8,Winter,Couple,Beach,South India,Andaman
Medium,4,Spring,Couple,Nature,North India,Udaipur
Low,2,Autumn,Solo,Spiritual,North India,Varanasi
Low,4,Summer,Friends,Spiritual,North India,Rishikesh
Medium,3,Winter,Couple,Nature,South India,Coorg
High,5,Winter,Friends,Beach,West India,Goa
Low,2,Autumn,Family,Spiritual,North India,Varanasi
Low,4,Autumn,Family,Historical,South India,Mysore
Low,3,Autumn,Solo,Spiritual,North India,Rishikesh
Medium,5,Spring,Family,Spiritual,North India,Jaipur
Medium,5,Summer,Family,Mountains,South India,Ooty
High,4,Winter,Family,Historical,North India,Jaipur
Medium,5,Winter,Friends,Mountains,North India,Manali
Low,5,Spring,Friends,Adventure,North India,Rishikesh
Medium,5,Monsoon,Friends,Adventure,West India,Goa
Low,3,Summer,Solo,Spiritual,North India,Rishikesh
Medium,4,Spring,Solo,Nature,Northeast India,Darjeeling
Low,2,Monsoon,Couple,Nature,South India,Araku Valley
High,8,Summer,Family,Nature,North India,Kashmir
Medium,4,Winter,Friends,Adventure,South India,Hyderabad
Medium,4,Summer,Friends,Spiritual,North India,Rishikesh
Medium,5,Spring,Couple,Nature,Northeast India,Darjeeling
Medium,5,Summer,Friends,Beach,West India,Goa
Medium,3,Winter,Solo,Historical,North India,Jaipur
Medium,3,Winter,Couple,Spiritual,North India,Jaipur
High,8,Winter,Couple,Mountains,North India,Kashmir
Low,3,Autumn,Family,Spiritual,North India,Varanasi
High,8,Winter,Couple,Adventure,East India,Andaman
High,5,Spring,Family,Mountains,Northeast India,Darjeeling
High,6,Summer,Couple,Mountains,North India,Kashmir
High,6,Winter,Couple,Mountains,South India,Munnar
Medium,2,Monsoon,Friends,Adventure,South India,Coorg
High,3,Spring,Family,Historical,North India,Jaipur
High,4,Winter,Couple,Nature,South India,Coorg
High,8,Summer,Couple,Mountains,North India,Kashmir
Medium,4,Winter,Solo,Historical,South India,Hyderabad
Medium,2,Monsoon,Couple,Adventure,South India,Coorg
Medium,3,Monsoon,Couple,Nature,South India,Coorg
Medium,4,Monsoon,Friends,Adventure,South India,Coorg
Low,3,Winter,Family,Nature,South India,Araku Valley
High,8,Winter,Couple,Mountains,North India,Kashmir
Low,4,Autumn,Family,Spiritual,North India,Varanasi
Low,4,Monsoon,Couple,Nature,South India,Araku Valley
Low,4,Autumn,Solo,Historical,South India,Mysore
High,7,Winter,Family,Beach,South India,Andaman
High,7,Spring,Solo,Mountains,Northeast India,Darjeeling
Low,3,Winter,Family,Spiritual,North India,Varanasi
Low,5,Winter,Friends,Beach,West India,Goa
Medium,6,Winter,Couple,Adventure,North India,Manali
High,8,Winter,Couple,Mountains,North India,Kashmir
High,3,Winter,Couple,Historical,North India,Jaipur
Medium,5,Winter,Couple,Adventure,South India,Coorg
Medium,3,Monsoon,Couple,Mountains,South India,Munnar
High,7,Summer,Couple,Mountains,North India,Kashmir
High,8,Winter,Family,Beach,South India,Andaman
Low,2,Winter,Solo,Historical,South India,Hyderabad
Low,3,Winter,Family,Wildlife,South India,Araku Valley
Low,4,Winter,Friends,Beach,West India,Goa
Medium,4,Autumn,Solo,Historical,South India,Mysore
Medium,3,Winter,Solo,Spiritual,South India,Mysore
Medium,4,Winter,Couple,Mountains,South India,Munnar
Low,2,Winter,Family,Wildlife,South India,Araku Valley
Medium,5,Winter,Couple,Adventure,South India,Coorg
Medium,5,Winter,Family,Nature,South India,Munnar
Low,4,Autumn,Solo,Adventure,North India,Rishikesh
High,5,Summer,Couple,Mountains,North India,Manali
Medium,7,Winter,Couple,Mountains,North India,Manali
Medium,4,Summer,Couple,Nature,South India,Ooty
Medium,3,Summer,Couple,Adventure,West India,Goa
Low,3,Autumn,Solo,Adventure,North India,Rishikesh
Medium,4,Monsoon,Friends,Adventure,South India,Coorg
High,9,Summer,Couple,Nature,North India,Kashmir
High,4,Winter,Couple,Historical,North India,Jaipur
High,8,Winter,Couple,Beach,East India,Andaman
Medium,3,Monsoon,Couple,Nature,South India,Munnar
Medium,5,Winter,Couple,Nature,South India,Coorg
Medium,4,Winter,Family,Historical,North India,Jaipur
Medium,5,Spring,Couple,Historical,West India,Udaipur
High,8,Winter,Couple,Beach,East India,Andaman
High,4,Spring,Family,Historical,North India,Udaipur
Medium,4,Monsoon,Friends,Nature,South India,Coorg
Low,4,Winter,Family,Spiritual,North India,Varanasi
High,7,Winter,Friends,Beach,West India,Goa
Medium,4,Summer,Family,Nature,South India,Ooty
Low,3,Autumn,Solo,Adventure,North India,Rishikesh
Low,3,Autumn,Family,Spiritual,South India,Mysore
Medium,2,Autumn,Family,Historical,South India,Mysore
Low,2,Autumn,Solo,Historical,South India,Mysore
High,7,Winter,Couple,Mountains,North India,Kashmir
Medium,4,Winter,Couple,Beach,West India,Goa
Low,4,Winter,Couple,Nature,South India,Araku Valley
Low,3,Autumn,Family,Spiritual,North India,Varanasi
High,2,Winter,Couple,Historical,North India,Jaipur
High,9,Winter,Friends,Beach,South India,Andaman
Medium,3,Winter,Solo,Spiritual,North India,Varanasi
Low,2,Autumn,Friends,Adventure,South India,Hyderabad
Medium,3,Autumn,Solo,Historical,South India,Hyderabad
High,8,Winter,Family,Adventure,South India,Andaman
Medium,3,Spring,Solo,Spiritual,North India,Jaipur
Low,4,Winter,Family,Nature,South India,Araku Valley
Low,3,Winter,Couple,Nature,South India,Araku Valley
Medium,5,Winter,Friends,Adventure,North India,Manali
Medium,5,Spring,Solo,Nature,Northeast India,Darjeeling
Low,3,Autumn,Family,Historical,South India,Mysore
Medium,4,Monsoon,Couple,Nature,South India,Coorg
Medium,3,Winter,Family,Nature,West India,Udaipur
Low,4,Summer,Family,Mountains,South India,Ooty
Low,2,Autumn,Solo,Adventure,South India,Hyderabad
Medium,4,Winter,Couple,Mountains,South India,Munnar
Medium,6,Winter,Couple,Mountains,South India,Munnar
High,9,Spring,Friends,Adventure,East India,Andaman
High,6,Winter,Couple,Historical,North India,Udaipur
Medium,2,Autumn,Family,Spiritual,North India,Varanasi
High,3,Winter,Family,Historical,North India,Jaipur
Low,4,Summer,Solo,Adventure,North India,Rishikesh
Low,3,Monsoon,Family,Nature,South India,Araku Valley
High,8,Winter,Couple,Nature,North India,Kashmir
High,8,Summer,Family,Mountains,North India,Kashmir
Low,2,Winter,Family,Spiritual,North India,Varanasi
High,7,Summer,Couple,Mountains,North India,Manali
High,7,Summer,Couple,Mountains,North India,Kashmir
Low,7,Winter,Friends,Beach,West India,Goa
Low,3,Winter,Friends,Historical,South India,Hyderabad
High,5,Autumn,Couple,Mountains,Northeast India,Darjeeling
Medium,2,Winter,Family,Historical,South India,Mysore
Medium,4,Autumn,Family,Nature,South India,Araku Valley
Medium,5,Winter,Couple,Nature,South India,Munnar
High,9,Spring,Family,Beach,South India,Andaman
Medium,3,Autumn,Friends,Adventure,South India,Hyderabad
Medium,5,Winter,Family,Mountains,South India,Munnar
Low,3,Winter,Family,Spiritual,North India,Varanasi
Low,5,Spring,Family,Nature,South India,Ooty
Medium,3,Winter,Family,Historical,West India,Udaipur
Medium,4,Winter,Friends,Beach,West India,Goa
Medium,4,Spring,Solo,Spiritual,North India,Rishikesh
Medium,4,Winter,Family,Historical,North India,Jaipur
Low,3,Summer,Couple,Mountains,South India,Ooty
Medium,4,Monsoon,Couple,Mountains,South India,Munnar
Medium,4,Winter,Couple,Adventure,South India,Coorg
Medium,5,Monsoon,Friends,Beach,West India,Goa
Medium,7,Summer,Solo,Mountains,North India,Manali
High,7,Winter,Family,Beach,East India,Andaman
High,4,Winter,Couple,Nature,South India,Munnar
Low,4,Winter,Family,Wildlife,South India,Araku Valley
Medium,5,Monsoon,Family,Mountains,South India,Munnar
High,8,Summer,Family,Mountains,North India,Kashmir
Medium,4,Winter,Friends,Adventure,South India,Coorg
Low,2,Autumn,Solo,Historical,South India,Hyderabad
High,8,Winter,Family,Beach,South India,Andaman
Medium,2,Winter,Family,Nature,South India,Araku Valley
Medium,3,Monsoon,Couple,Mountains,South India,Munnar
High,8,Winter,Couple,Beach,South India,Andaman
High,6,Summer,Solo,Mountains,North India,Manali
High,8,Winter,Couple,Beach,South India,Andaman
High,7,Winter,Family,Nature,North India,Kashmir
Low,2,Winter,Solo,Historical,South India,Mysore
High,8,Summer,Couple,Mountains,North India,Kashmir
Medium,4,Winter,Couple,Historical,North India,Jaipur
Medium,2,Autumn,Family,Spiritual,South India,Mysore
High,6,Spring,Friends,Mountains,North India,Manali
High,6,Summer,Couple,Nature,North India,Kashmir
Medium,3,Spring,Family,Nature,West India,Udaipur
High,4,Winter,Family,Historical,West India,Udaipur
High,9,Winter,Couple,Beach,South India,Andaman
Low,2,Winter,Couple,Wildlife,South India,Araku Valley
High,7,Summer,Couple,Mountains,North India,Kashmir
Medium,4,Winter,Couple,Mountains,South India,Munnar
Low,4,Spring,Friends,Adventure,North India,Rishikesh
Low,2,Winter,Friends,Historical,South India,Hyderabad
High,3,Winter,Friends,Adventure,South India,Coorg
High,9,Summer,Couple,Mountains,North India,Kashmir
High,4,Monsoon,Couple,Nature,South India,Coorg
Low,4,Summer,Friends,Beach,West India,Goa
High,8,Winter,Friends,Adventure,East India,Andaman
Medium,3,Monsoon,Friends,Nature,South India,Coorg
High,8,Winter,Couple,Beach,South India,Andaman
Low,2,Winter,Friends,Adventure,South India,Hyderabad
High,5,Spring,Family,Historical,West India,Udaipur
Medium,4,Winter,Couple,Mountains,South India,Munnar
Medium,3,Monsoon,Couple,Adventure,South India,Coorg
Low,3,Autumn,Solo,Adventure,South India,Hyderabad
High,6,Winter,Couple,Mountains,North India,Manali
Medium,2,Winter,Family,Spiritual,North India,Varanasi
High,2,Winter,Couple,Spiritual,North India,Jaipur
Medium,2,Autumn,Solo,Spiritual,North India,Varanasi
Medium,6,Spring,Couple,Nature,Northeast India,Darjeeling
Low,3,Autumn,Family,Historical,South India,Mysore
High,5,Monsoon,Couple,Nature,South India,Munnar
Medium,4,Autumn,Solo,Adventure,North India,Rishikesh
Medium,3,Winter,Friends,Beach,West India,Goa
Low,2,Autumn,Solo,Historical,South India,Mysore
Medium,3,Winter,Friends,Nature,South India,Coorg
High,5,Spring,Solo,Nature,East India,Darjeeling
Low,4,Autumn,Solo,Spiritual,North India,Varanasi
High,4,Winter,Couple,Nature,South India,Coorg
Medium,4,Autumn,Solo,Adventure,North India,Rishikesh
Medium,4,Summer,Couple,Mountains,South India,Ooty
High,4,Winter,Couple,Nature,South India,Coorg
Medium,4,Spring,Family,Mountains,Northeast India,Darjeeling
Medium,5,Summer,Couple,Nature,South India,Ooty
Medium,4,Winter,Couple,Historical,North India,Jaipur
Medium,4,Autumn,Solo,Mountains,East India,Darjeeling
Medium,2,Winter,Solo,Spiritual,North India,Varanasi
High,6,Winter,Couple,Adventure,South India,Andaman
Medium,6,Monsoon,Couple,Mountains,South India,Munnar
Low,4,Winter,Solo,Spiritual,South India,Mysore
High,7,Spring,Couple,Beach,South India,Andaman
Low,4,Winter,Solo,Spiritual,North India,Varanasi
High,10,Summer,Couple,Mountains,North India,Kashmir
High,8,Winter,Solo,Mountains,North India,Manali
High,5,Spring,Couple,Historical,West India,Udaipur
Medium,6,Spring,Family,Nature,East India,Darjeeling
Medium,3,Autumn,Family,Spiritual,North India,Varanasi
High,3,Winter,Solo,Spiritual,North India,Jaipur
Medium,2,Autumn,Solo,Spiritual,North India,Varanasi
High,4,Summer,Couple,Adventure,West India,Goa
Medium,3,Monsoon,Friends,Nature,South India,Coorg
Medium,5,Spring,Family,Mountains,East India,Darjeeling
Low,2,Winter,Family,Nature,South India,Araku Valley
Low,5,Summer,Couple,Mountains,South India,Ooty
Medium,3,Winter,Solo,Spiritual,North India,Varanasi
Medium,4,Winter,Family,Nature,South India,Munnar
Medium,2,Winter,Solo,Spiritual,North India,Varanasi
High,8,Winter,Couple,Mountains,North India,Kashmir
Low,2,Winter,Solo,Historical,South India,Hyderabad
Medium,4,Monsoon,Couple,Adventure,South India,Coorg
Medium,4,Summer,Friends,Adventure,North India,Rishikesh
High,5,Monsoon,Friends,Beach,West India,Goa
Medium,4,Winter,Solo,Adventure,South India,Hyderabad
Low,4,Winter,Friends,Beach,West India,Goa
High,5,Winter,Family,Historical,West India,Udaipur
High,2,Monsoon,Friends,Nature,South India,Coorg
Medium,4,Winter,Couple,Nature,South India,Araku Valley
Low,2,Winter,Solo,Spiritual,North India,Varanasi
High,6,Winter,Family,Nature,West India,Udaipur
High,8,Summer,Couple,Mountains,North India,Kashmir
Medium,3,Winter,Couple,Historical,North India,Udaipur
High,4,Winter,Family,Historical,West India,Udaipur
High,7,Winter,Solo,Adventure,North India,Manali
Medium,2,Monsoon,Friends,Nature,South India,Coorg
Medium,2,Winter,Friends,Historical,South India,Hyderabad
High,8,Summer,Couple,Mountains,North India,Kashmir
Medium,3,Winter,Solo,Historical,South India,Mysore
Low,3,Winter,Family,Nature,South India,Araku Valley
High,5,Spring,Family,Historical,West India,Udaipur
High,6,Summer,Couple,Mountains,North India,Kashmir
High,4,Autumn,Couple,Mountains,East India,Darjeeling
Medium,5,Autumn,Friends,Adventure,North India,Rishikesh
Medium,5,Winter,Friends,Mountains,North India,Manali
Medium,7,Winter,Couple,Mountains,North India,Manali
Medium,6,Autumn,Couple,Nature,East India,Darjeeling
Low,3,Winter,Solo,Adventure,South India,Hyderabad
Medium,3,Monsoon,Couple,Adventure,South India,Coorg
High,9,Winter,Couple,Beach,South India,Andaman
Medium,4,Spring,Couple,Historical,North India,Udaipur
Low,3,Autumn,Family,Spiritual,North India,Varanasi
High,8,Winter,Couple,Nature,North India,Kashmir
Medium,5,Monsoon,Friends,Nature,South India,Coorg
Low,2,Autumn,Friends,Adventure,South India,Hyderabad
Low,2,Autumn,Family,Historical,South India,Mysore
High,9,Winter,Couple,Beach,South India,Andaman
Medium,3,Winter,Couple,Adventure,South India,Coorg
Low,2,Autumn,Solo,Spiritual,North India,Varanasi
Low,2,Autumn,Solo,Historical,South India,Mysore
High,8,Winter,Family,Beach,East India,Andaman
High,4,Winter,Couple,Historical,West India,Udaipur
Medium,6,Autumn,Family,Mountains,East India,Darjeeling
Low,2,Winter,Family,Historical,South India,Mysore
Medium,4,Summer,Family,Mountains,South India,Ooty
Medium,5,Monsoon,Friends,Beach,West India,Goa
Low,3,Winter,Solo,Historical,South India,Mysore
Low,4,Spring,Solo,Adventure,North India,Rishikesh
Low,2,Winter,Solo,Adventure,South India,Hyderabad
High,2,Winter,Family,Historical,North India,Jaipur
Low,3,Autumn,Solo,Historical,South India,Hyderabad
Medium,4,Monsoon,Couple,Nature,South India,Munnar
High,9,Winter,Couple,Beach,South India,Andaman
Low,3,Autumn,Family,Spiritual,North India,Varanasi
Medium,5,Winter,Family,Mountains,South India,Munnar
Low,5,Summer,Solo,Spiritual,North India,Rishikesh
Medium,4,Winter,Friends,Historical,South India,Hyderabad
High,4,Monsoon,Solo,Adventure,West India,Goa
Medium,6,Winter,Family,Nature,South India,Munnar
High,8,Spring,Friends,Adventure,East India,Andaman
Medium,7,Winter,Couple,Adventure,West India,Goa
Low,2,Winter,Family,Historical,South India,Mysore
High,9,Winter,Couple,Adventure,South India,Andaman
Low,4,Summer,Family,Mountains,South India,Ooty
Medium,3,Winter,Friends,Nature,South India,Coorg
High,9,Winter,Couple,Beach,South India,Andaman
High,3,Winter,Family,Historical,North India,Jaipur
Low,5,Spring,Friends,Adventure,North India,Rishikesh
High,4,Spring,Family,Historical,North India,Jaipur
Low,6,Spring,Friends,Spiritual,North India,Rishikesh
Medium,4,Autumn,Friends,Adventure,North India,Rishikesh
Medium,4,Spring,Couple,Mountains,South India,Ooty
High,8,Summer,Family,Mountains,North India,Kashmir
Low,3,Autumn,Family,Historical,South India,Mysore
Low,2,Autumn,Solo,Spiritual,North India,Varanasi
Low,2,Winter,Solo,Adventure,South India,Hyderabad
Low,2,Winter,Couple,Nature,South India,Araku Valley
Low,4,Autumn,Solo,Historical,South India,Mysore
High,8,Summer,Couple,Mountains,North India,Kashmir
Medium,3,Winter,Solo,Spiritual,North India,Varanasi
Medium,4,Winter,Couple,Historical,North India,Jaipur
High,10,Spring,Couple,Adventure,South India,Andaman
Medium,5,Spring,Couple,Nature,East India,Darjeeling
Medium,4,Winter,Couple,Nature,South India,Munnar
Low,4,Autumn,Friends,Adventure,South India,Hyderabad
High,7,Winter,Family,Nature,North India,Kashmir
Medium,3,Winter,Couple,Mountains,South India,Munnar
Medium,3,Winter,Solo,Historical,South India,Mysore
Medium,6,Spring,Solo,Adventure,North India,Rishikesh
Medium,6,Autumn,Family,Mountains,East India,Darjeeling
Medium,3,Winter,Family,Nature,South India,Araku Valley
Medium,3,Spring,Family,Spiritual,North India,Jaipur
Medium,3,Autumn,Solo,Historical,South India,Mysore
Low,2,Autumn,Solo,Historical,South India,Hyderabad
Medium,3,Autumn,Solo,Adventure,North India,Rishikesh
Medium,2,Winter,Friends,Adventure,South India,Hyderabad
Medium,4,Winter,Couple,Adventure,South India,Coorg
Medium,4,Spring,Family,Nature,South India,Ooty
High,8,Summer,Couple,Mountains,North India,Kashmir
Medium,6,Winter,Friends,Mountains,North India,Manali
High,5,Spring,Couple,Nature,West India,Udaipur
Medium,7,Winter,Couple,Mountains,North India,Manali
Medium,5,Winter,Family,Nature,West India,Udaipur
Medium,7,Autumn,Family,Nature,East India,Darjeeling
Low,3,Winter,Family,Spiritual,South India,Mysore
High,4,Monsoon,Friends,Adventure,South India,Coorg
Low,2,Winter,Family,Nature,South India,Araku Valley
High,4,Winter,Solo,Spiritual,North India,Jaipur
High,9,Winter,Couple,Beach,South India,Andaman
Medium,2,Winter,Solo,Spiritual,South India,Mysore
Low,2,Winter,Friends,Historical,South India,Hyderabad
High,7,Winter,Couple,Beach,East India,Andaman
High,3,Monsoon,Friends,Adventure,South India,Coorg
High,3,Winter,Solo,Historical,North India,Jaipur
Medium,3,Autumn,Solo,Spiritual,South India,Mysore
High,5,Spring,Solo,Mountains,Northeast India,Darjeeling
High,4,Spring,Couple,Historical,North India,Udaipur
High,4,Winter,Solo,Historical,North India,Jaipur
Medium,4,Autumn,Solo,Adventure,North India,Rishikesh
High,10,Summer,Couple,Nature,North India,Kashmir
Medium,4,Winter,Couple,Nature,South India,Coorg
High,4,Winter,Couple,Historical,West India,Udaipur
Medium,4,Winter,Friends,Beach,West India,Goa
Medium,3,Autumn,Family,Spiritual,South India,Mysore
Medium,5,Monsoon,Couple,Beach,West India,Goa
High,9,Winter,Friends,Beach,South India,Andaman
High,8,Winter,Couple,Beach,South India,Andaman
Low,2,Autumn,Solo,Historical,South India,Hyderabad
Medium,4,Summer,Couple,Nature,South India,Ooty
Medium,4,Winter,Couple,Nature,South India,Munnar
High,9,Summer,Couple,Mountains,North India,Kashmir
Medium,3,Autumn,Family,Historical,South India,Mysore
High,6,Spring,Solo,Nature,East India,Darjeeling
High,8,Winter,Family,Adventure,South India,Andaman
High,10,Summer,Couple,Mountains,North India,Kashmir
High,9,Winter,Couple,Beach,East India,Andaman
Medium,3,Autumn,Solo,Historical,South India,Hyderabad
High,8,Summer,Family,Mountains,North India,Kashmir
Medium,3,Winter,Family,Spiritual,North India,Jaipur
High,3,Summer,Friends,Beach,West India,Goa
Medium,4,Summer,Family,Mountains,South India,Ooty
Medium,5,Winter,Couple,Nature,South India,Coorg
Low,2,Autumn,Family,Historical,South India,Mysore
High,4,Spring,Family,Nature,East India,Darjeeling
Medium,3,Winter,Solo,Historical,South India,Hyderabad
Medium,3,Summer,Family,Mountains,South India,Ooty
Medium,3,Autumn,Family,Historical,South India,Mysore
Medium,7,Spring,Friends,Adventure,North India,Manali
High,8,Winter,Couple,Adventure,South India,Andaman
Low,3,Autumn,Family,Historical,South India,Mysore
Low,4,Autumn,Couple,Nature,South India,Araku Valley
Medium,4,Winter,Couple,Mountains,South India,Munnar
Low,3,Winter,Solo,Historical,South India,Hyderabad
Low,2,Autumn,Family,Historical,South India,Mysore
High,5,Spring,Couple,Nature,East India,Darjeeling
High,6,Winter,Friends,Mountains,North India,Manali
Low,2,Winter,Solo,Historical,South India,Mysore
Low,2,Autumn,Family,Historical,South India,Mysore
Medium,3,Summer,Couple,Mountains,South India,Ooty
Medium,4,Monsoon,Friends,Beach,West India,Goa
Medium,3,Winter,Family,Nature,South India,Araku Valley
Medium,2,Autumn,Solo,Adventure,South India,Hyderabad
High,7,Spring,Couple,Adventure,South India,Andaman
High,5,Summer,Friends,Beach,West India,Goa
Medium,2,Winter,Solo,Historical,South India,Hyderabad
Medium,5,Summer,Couple,Mountains,North India,Manali
High,5,Winter,Friends,Beach,West India,Goa
Medium,6,Winter,Friends,Mountains,North India,Manali
Low,3,Autumn,Family,Nature,South India,Araku Valley
Medium,2,Winter,Friends,Adventure,South India,Coorg
High,4,Autumn,Solo,Nature,Northeast India,Darjeeling
Medium,5,Winter,Couple,Mountains,South India,Munnar
Medium,4,Winter,Family,Historical,North India,Jaipur
Medium,3,Autumn,Friends,Historical,South India,Hyderabad
High,7,Winter,Friends,Beach,East India,Andaman
Medium,3,Winter,Family,Nature,West India,Udaipur
Medium,5,Monsoon,Couple,Nature,South India,Coorg
High,5,Winter,Family,Historical,North India,Jaipur
Low,2,Autumn,Solo,Spiritual,North India,Varanasi
Medium,2,Winter,Family,Historical,North India,Jaipur
Medium,5,Autumn,Family,Mountains,East India,Darjeeling
Low,3,Winter,Family,Nature,South India,Araku Valley
High,8,Winter,Friends,Adventure,North India,Manali
High,4,Spring,Family,Spiritual,North India,Jaipur
Low,3,Autumn,Friends,Spiritual,North India,Rishikesh
Medium,3,Winter,Couple,Nature,South India,Munnar
Medium,2,Winter,Family,Spiritual,South India,Mysore
Medium,5,Spring,Friends,Spiritual,North India,Rishikesh
Medium,3,Spring,Couple,Nature,South India,Ooty
High,5,Autumn,Couple,Mountains,East India,Darjeeling
Medium,8,Winter,Couple,Mountains,North India,Manali
Low,3,Monsoon,Family,Nature,South India,Araku Valley
Low,3,Autumn,Family,Historical,South India,Mysore
High,5,Winter,Couple,Mountains,North India,Manali
Medium,7,Winter,Solo,Adventure,North India,Manali
Medium,5,Spring,Couple,Mountains,South India,Ooty
High,6,Winter,Friends,Beach,West India,Goa
High,5,Spring,Couple,Historical,West India,Udaipur
Medium,7,Winter,Friends,Mountains,North India,Manali
Medium,4,Winter,Couple,Historical,North India,Jaipur
Medium,5,Winter,Family,Nature,South India,Munnar
Low,4,Autumn,Friends,Spiritual,North India,Rishikesh
High,7,Winter,Couple,Adventure,North India,Manali
Medium,5,Winter,Couple,Mountains,South India,Munnar
Low,3,Summer,Friends,Adventure,North India,Rishikesh
High,5,Winter,Friends,Mountains,North India,Manali
Medium,6,Spring,Couple,Mountains,East India,Darjeeling
High,8,Winter,Couple,Beach,South India,Andaman
High,6,Winter,Couple,Nature,South India,Munnar
High,8,Spring,Couple,Beach,East India,Andaman
Medium,4,Spring,Couple,Mountains,South India,Ooty
High,9,Winter,Couple,Beach,South India,Andaman
High,4,Winter,Couple,Historical,West India,Udaipur
High,6,Autumn,Family,Nature,East India,Darjeeling
High,5,Spring,Couple,Historical,West India,Udaipur
Low,3,Autumn,Solo,Spiritual,North India,Rishikesh
Low,4,Autumn,Solo,Spiritual,North India,Rishikesh
Medium,3,Summer,Family,Nature,South India,Ooty
Medium,5,Summer,Family,Nature,South India,Ooty
High,8,Summer,Couple,Mountains,North India,Kashmir
Medium,2,Winter,Solo,Historical,South India,Hyderabad
Medium,5,Spring,Family,Nature,Northeast India,Darjeeling
High,8,Spring,Family,Beach,South India,Andaman
Medium,4,Winter,Couple,Historical,North India,Jaipur
Medium,3,Spring,Couple,Nature,West India,Udaipur
Medium,4,Winter,Family,Historical,South India,Mysore
High,7,Spring,Couple,Adventure,South India,Andaman
Medium,2,Autumn,Solo,Adventure,South India,Hyderabad
Low,3,Autumn,Family,Historical,South India,Mysore
High,4,Winter,Family,Historical,West India,Udaipur
Low,3,Summer,Couple,Nature,South India,Ooty
Medium,4,Winter,Couple,Historical,West India,Udaipur
Medium,2,Winter,Solo,Historical,North India,Jaipur
Medium,5,Autumn,Family,Mountains,East India,Darjeeling
Medium,3,Summer,Family,Mountains,South India,Ooty
Medium,2,Monsoon,Couple,Adventure,South India,Coorg
Low,5,Summer,Friends,Spiritual,North India,Rishikesh
Low,4,Autumn,Solo,Adventure,North India,Rishikesh
High,5,Autumn,Family,Nature,East India,Darjeeling
Medium,2,Winter,Couple,Adventure,South India,Coorg
Low,3,Winter,Couple,Wildlife,South India,Araku Valley
High,8,Winter,Friends,Beach,South India,Andaman
High,4,Winter,Family,Spiritual,North India,Jaipur
Medium,6,Winter,Couple,Mountains,North India,Manali
Low,2,Autumn,Solo,Adventure,South India,Hyderabad
High,9,Winter,Family,Beach,East India,Andaman
Medium,5,Winter,Family,Mountains,South India,Munnar
Medium,3,Winter,Couple,Adventure,South India,Coorg
High,7,Winter,Couple,Mountains,North India,Manali
High,6,Summer,Couple,Mountains,North India,Manali
High,3,Monsoon,Couple,Adventure,South India,Coorg
Medium,5,Summer,Couple,Mountains,South India,Ooty
Low,3,Autumn,Solo,Historical,South India,Mysore
Low,3,Winter,Family,Spiritual,North India,Varanasi
High,4,Winter,Couple,Nature,North India,Udaipur
Medium,2,Autumn,Solo,Historical,South India,Hyderabad
High,5,Winter,Couple,Beach,West India,Goa
Medium,6,Spring,Couple,Mountains,East India,Darjeeling
Medium,7,Spring,Friends,Mountains,North India,Manali
High,5,Winter,Family,Nature,West India,Udaipur
Low,3,Autumn,Friends,Adventure,South India,Hyderabad
Medium,5,Spring,Solo,Historical,North India,Jaipur
Medium,4,Monsoon,Couple,Nature,South India,Coorg
Low,4,Winter,Family,Historical,South India,Mysore
Medium,4,Monsoon,Friends,Nature,South India,Coorg
High,9,Winter,Couple,Beach,South India,Andaman
Medium,4,Winter,Family,Historical,South India,Mysore
Medium,3,Winter,Friends,Beach,West India,Goa
Medium,5,Spring,Family,Mountains,South India,Ooty
High,4,Spring,Family,Spiritual,North India,Jaipur
Low,3,Autumn,Solo,Spiritual,North India,Varanasi
High,8,Winter,Couple,Beach,South India,Andaman
High,3,Winter,Couple,Nature,South India,Coorg
High,7,Winter,Family,Beach,South India,Andaman
High,4,Monsoon,Couple,Nature,South India,Coorg
High,6,Spring,Couple,Nature,West India,Udaipur
Medium,3,Monsoon,Friends,Nature,South India,Coorg
Low,4,Summer,Couple,Nature,South India,Ooty
Low,4,Spring,Solo,Adventure,North India,Rishikesh
Medium,7,Autumn,Couple,Mountains,East India,Darjeeling
Medium,4,Monsoon,Family,Nature,South India,Munnar
Medium,4,Spring,Family,Mountains,South India,Ooty
Medium,5,Winter,Couple,Mountains,South India,Munnar
Medium,5,Winter,Couple,Mountains,South India,Munnar
Low,3,Monsoon,Family,Nature,South India,Araku Valley
Medium,4,Winter,Couple,Spiritual,North India,Jaipur
High,6,Autumn,Couple,Nature,Northeast India,Darjeeling
High,8,Spring,Couple,Beach,South India,Andaman
Medium,5,Autumn,Family,Mountains,East India,Darjeeling
High,4,Winter,Friends,Beach,West India,Goa
High,7,Summer,Couple,Mountains,North India,Kashmir
Low,3,Winter,Family,Spiritual,North India,Varanasi
Medium,2,Winter,Solo,Historical,South India,Hyderabad
Medium,7,Winter,Couple,Mountains,North India,Manali
Low,5,Monsoon,Friends,Beach,West India,Goa
Medium,4,Winter,Friends,Beach,West India,Goa
Low,4,Winter,Family,Nature,South India,Araku Valley
Medium,6,Summer,Couple,Mountains,North India,Manali
Medium,3,Winter,Couple,Nature,South India,Araku Valley
High,3,Winter,Friends,Beach,West India,Goa
Medium,6,Spring,Family,Nature,Northeast India,Darjeeling
High,7,Summer,Family,Mountains,North India,Kashmir
High,4,Spring,Family,Historical,North India,Jaipur
Medium,3,Winter,Family,Spiritual,South India,Mysore
Low,4,Winter,Family,Nature,South India,Araku Valley
Medium,4,Winter,Family,Spiritual,South India,Mysore
Medium,3,Spring,Family,Historical,North India,Jaipur
Medium,6,Autumn,Family,Mountains,Northeast India,Darjeeling
Medium,4,Winter,Family,Mountains,South India,Munnar
Medium,4,Monsoon,Friends,Adventure,West India,Goa
High,10,Winter,Couple,Beach,South India,Andaman
Medium,6,Winter,Couple,Adventure,North India,Manali
Medium,4,Spring,Couple,Mountains,Northeast India,Darjeeling
Medium,7,Winter,Solo,Mountains,North India,Manali
Low,2,Winter,Solo,Historical,South India,Hyderabad
Medium,4,Winter,Couple,Mountains,South India,Munnar
Medium,3,Winter,Solo,Historical,South India,Hyderabad
Medium,4,Winter,Solo,Historical,South India,Hyderabad
Medium,3,Monsoon,Family,Mountains,South India,Munnar
Medium,3,Winter,Friends,Nature,South India,Coorg
Low,3,Autumn,Solo,Historical,South India,Hyderabad
Medium,7,Spring,Couple,Nature,East India,Darjeeling
Medium,4,Winter,Solo,Spiritual,North India,Varanasi
Low,4,Winter,Family,Historical,South India,Mysore
Medium,4,Spring,Couple,Nature,South India,Ooty
Medium,3,Winter,Couple,Nature,South India,Munnar
Low,3,Autumn,Family,Spiritual,South India,Mysore
High,9,Spring,Couple,Beach,South India,Andaman
Low,2,Winter,Solo,Spiritual,North India,Varanasi
Low,3,Winter,Solo,Historical,South India,Hyderabad
Medium,6,Winter,Couple,Adventure,West India,Goa
Low,2,Autumn,Solo,Adventure,South India,Hyderabad
Medium,4,Autumn,Solo,Spiritual,North India,Rishikesh
Medium,3,Monsoon,Friends,Nature,South India,Coorg
Medium,5,Spring,Couple,Mountains,Northeast India,Darjeeling
Medium,4,Winter,Family,Historical,North India,Jaipur
Low,4,Spring,Friends,Spiritual,North India,Rishikesh
Low,3,Winter,Couple,Nature,South India,Araku Valley
Medium,4,Winter,Family,Nature,South India,Araku Valley
High,4,Spring,Couple,Historical,North India,Jaipur
High,4,Monsoon,Friends,Adventure,South India,Coorg
High,8,Winter,Couple,Mountains,North India,Kashmir
Medium,2,Winter,Solo,Spiritual,North India,Varanasi
Medium,5,Winter,Couple,Nature,South India,Coorg
High,6,Summer,Solo,Mountains,North India,Manali
Medium,2,Winter,Family,Historical,South India,Mysore
Medium,2,Winter,Family,Wildlife,South India,Araku Valley
Medium,6,Winter,Friends,Mountains,North India,Manali
Low,4,Winter,Couple,Nature,South India,Araku Valley
High,8,Spring,Family,Beach,East India,Andaman
Medium,4,Autumn,Solo,Historical,South India,Mysore
Low,2,Autumn,Solo,Spiritual,North India,Varanasi
Medium,5,Winter,Couple,Mountains,North India,Manali
Medium,4,Summer,Couple,Mountains,South India,Ooty
High,8,Winter,Couple,Beach,South India,Andaman
High,7,Winter,Couple,Beach,West India,Goa
Low,4,Winter,Couple,Nature,South India,Araku Valley
High,3,Spring,Family,Nature,West India,Udaipur
Medium,4,Autumn,Solo,Historical,South India,Mysore
High,8,Winter,Family,Mountains,North India,Kashmir
Low,3,Autumn,Family,Spiritual,South India,Mysore
High,9,Winter,Friends,Beach,South India,Andaman
Medium,6,Autumn,Couple,Mountains,Northeast India,Darjeeling
Low,2,Autumn,Family,Spiritual,North India,Varanasi
Low,3,Winter,Couple,Wildlife,South India,Araku Valley
Low,2,Autumn,Solo,Historical,South India,Hyderabad
Low,3,Autumn,Family,Spiritual,South India,Mysore
Medium,7,Summer,Couple,Adventure,North India,Manali
Low,2,Autumn,Solo,Historical,South India,Hyderabad
Medium,7,Winter,Friends,Mountains,North India,Manali
High,4,Winter,Family,Historical,North India,Jaipur
Medium,3,Winter,Solo,Historical,South India,Hyderabad
Low,3,Summer,Solo,Spiritual,North India,Rishikesh
Medium,6,Summer,Friends,Adventure,North India,Manali
High,6,Winter,Couple,Mountains,North India,Kashmir
Low,2,Winter,Family,Spiritual,South India,Mysore
High,5,Spring,Couple,Historical,North India,Udaipur
Medium,4,Spring,Family,Mountains,Northeast India,Darjeeling
Medium,4,Winter,Friends,Nature,South India,Coorg
High,4,Winter,Couple,Nature,North India,Udaipur
Low,3,Autumn,Solo,Historical,South India,Hyderabad
Medium,7,Spring,Friends,Adventure,North India,Manali
Medium,5,Spring,Family,Nature,Northeast India,Darjeeling
Medium,3,Winter,Family,Nature,South India,Araku Valley
Medium,3,Winter,Solo,Adventure,South India,Hyderabad
Low,3,Autumn,Solo,Historical,South India,Hyderabad
High,8,Spring,Family,Beach,South India,Andaman
Medium,4,Autumn,Family,Spiritual,North India,Varanasi
Low,3,Monsoon,Family,Nature,South India,Araku Valley
High,5,Winter,Couple,Adventure,West India,Goa
High,3,Winter,Family,Nature,South India,Munnar
High,8,Winter,Couple,Adventure,South India,Andaman
Low,4,Winter,Solo,Spiritual,North India,Varanasi
High,4,Winter,Family,Historical,West India,Udaipur
Medium,7,Winter,Solo,Mountains,North India,Manali
High,8,Summer,Friends,Mountains,North India,Manali
Medium,3,Winter,Family,Spiritual,North India,Jaipur
Low,2,Winter,Solo,Historical,South India,Mysore
High,5,Monsoon,Friends,Beach,West India,Goa
Low,4,Summer,Solo,Spiritual,North India,Rishikesh
Medium,5,Autumn,Couple,Mountains,East India,Darjeeling
Medium,4,Spring,Family,Historical,North India,Jaipur
Medium,6,Spring,Couple,Mountains,East India,Darjeeling
Low,3,Winter,Friends,Historical,South India,Hyderabad
Medium,4,Winter,Couple,Historical,North India,Jaipur
High,6,Spring,Solo,Mountains,East India,Darjeeling
Medium,7,Spring,Solo,Mountains,Northeast India,Darjeeling
Low,2,Monsoon,Family,Nature,South India,Araku Valley
High,4,Winter,Couple,Nature,West India,Udaipur
Medium,3,Winter,Friends,Adventure,South India,Hyderabad
Medium,5,Monsoon,Friends,Beach,West India,Goa
Medium,4,Winter,Friends,Historical,South India,Hyderabad
Medium,4,Summer,Friends,Beach,West India,Goa
Medium,7,Autumn,Solo,Nature,East India,Darjeeling
High,4,Winter,Couple,Nature,South India,Coorg
Medium,2,Autumn,Solo,Spiritual,North India,Varanasi
Medium,7,Autumn,Family,Mountains,Northeast India,Darjeeling
High,4,Spring,Family,Historical,West India,Udaipur
High,5,Spring,Solo,Nature,East India,Darjeeling
High,8,Winter,Family,Nature,North India,Kashmir
Low,4,Autumn,Friends,Adventure,North India,Rishikesh
Low,2,Autumn,Solo,Historical,South India,Mysore
Low,2,Monsoon,Family,Nature,South India,Araku Valley
Medium,3,Autumn,Solo,Spiritual,North India,Varanasi
Medium,4,Winter,Friends,Adventure,West India,Goa
Medium,6,Winter,Friends,Mountains,North India,Manali
Medium,5,Monsoon,Couple,Mountains,South India,Munnar
Medium,2,Autumn,Family,Historical,South India,Mysore
High,6,Summer,Friends,Mountains,North India,Manali
High,6,Spring,Family,Nature,West India,Udaipur
Low,2,Autumn,Family,Wildlife,South India,Araku Valley
Low,2,Winter,Solo,Historical,South India,Hyderabad
Medium,6,Winter,Solo,Beach,West India,Goa
Low,4,Monsoon,Family,Nature,South India,Araku Valley
Medium,6,Winter,Couple,Mountains,North India,Manali
Low,3,Winter,Friends,Historical,South India,Hyderabad
Medium,3,Spring,Couple,Mountains,South India,Ooty
Low,3,Autumn,Family,Spiritual,North India,Varanasi
Low,2,Winter,Solo,Historical,South India,Hyderabad
High,5,Spring,Couple,Historical,North India,Udaipur
Medium,3,Autumn,Solo,Spiritual,South India,Mysore
Low,3,Autumn,Family,Historical,South India,Mysore
High,6,Summer,Friends,Beach,West India,Goa
Low,2,Winter,Family,Nature,South India,Araku Valley
High,5,Winter,Couple,Beach,West India,Goa
High,5,Spring,Family,Spiritual,North India,Jaipur
Low,4,Winter,Family,Nature,South India,Araku Valley
High,4,Monsoon,Friends,Nature,South India,Coorg
Medium,6,Summer,Couple,Adventure,North India,Manali
Low,4,Autumn,Family,Spiritual,South India,Mysore
Low,3,Winter,Solo,Historical,South India,Mysore
High,3,Monsoon,Couple,Adventure,South India,Coorg
Low,2,Winter,Family,Spiritual,North India,Varanasi
Medium,4,Winter,Family,Spiritual,North India,Varanasi
High,3,Winter,Family,Mountains,South India,Munnar
Medium,6,Summer,Couple,Adventure,North India,Manali
High,4,Winter,Couple,Historical,West India,Udaipur
Medium,4,Monsoon,Couple,Adventure,South India,Coorg
Medium,4,Spring,Family,Nature,East India,Darjeeling
Medium,3,Winter,Couple,Nature,South India,Coorg
Low,4,Winter,Family,Spiritual,North India,Varanasi
Low,3,Winter,Solo,Spiritual,North India,Varanasi
Medium,3,Spring,Family,Spiritual,North India,Jaipur
High,4,Spring,Family,Mountains,Northeast India,Darjeeling
Low,3,Winter,Solo,Historical,South India,Mysore
Medium,5,Summer,Family,Nature,South India,Ooty
Medium,5,Spring,Couple,Mountains,Northeast India,Darjeeling
Low,2,Autumn,Family,Historical,South India,Mysore
Medium,6,Summer,Friends,Beach,West India,Goa
High,4,Summer,Friends,Beach,West India,Goa
Medium,5,Autumn,Family,Nature,East India,Darjeeling
Medium,3,Winter,Friends,Beach,West India,Goa
Medium,3,Winter,Friends,Beach,West India,Goa
Medium,3,Monsoon,Couple,Adventure,South India,Coorg
Medium,2,Winter,Friends,Adventure,South India,Coorg
Medium,2,Winter,Friends,Historical,South India,Hyderabad
Low,3,Spring,Family,Mountains,South India,Ooty
High,7,Winter,Couple,Mountains,North India,Kashmir
Medium,2,Winter,Family,Nature,South India,Araku Valley
High,4,Winter,Friends,Nature,South India,Coorg
Medium,5,Autumn,Solo,Nature,East India,Darjeeling
High,2,Winter,Family,Historical,North India,Jaipur
High,8,Winter,Solo,Adventure,North India,Manali
High,4,Spring,Couple,Historical,West India,Udaipur
Low,2,Winter,Family,Nature,South India,Araku Valley
High,6,Summer,Couple,Nature,North India,Kashmir
Medium,3,Winter,Friends,Nature,South India,Coorg
Medium,4,Winter,Couple,Historical,North India,Jaipur
High,8,Summer,Couple,Adventure,North India,Manali
Medium,3,Autumn,Friends,Historical,South India,Hyderabad
Low,3,Autumn,Solo,Spiritual,North India,Varanasi
Medium,5,Winter,Couple,Beach,West India,Goa
Medium,2,Autumn,Family,Historical,South India,Mysore
Medium,4,Monsoon,Friends,Nature,South India,Coorg
Low,2,Winter,Solo,Spiritual,North India,Varanasi
High,7,Winter,Couple,Nature,North India,Kashmir
High,2,Monsoon,Friends,Nature,South India,Coorg
Medium,5,Winter,Couple,Historical,North India,Udaipur
Medium,4,Winter,Couple,Nature,West India,Udaipur
Low,2,Winter,Couple,Nature,South India,Araku Valley
Medium,6,Autumn,Solo,Nature,East India,Darjeeling
Medium,5,Winter,Friends,Adventure,North India,Manali
Medium,4,Summer,Solo,Adventure,North India,Rishikesh
Low,4,Autumn,Family,Historical,South India,Mysore
Low,3,Autumn,Solo,Historical,South India,Mysore
Low,2,Monsoon,Family,Wildlife,South India,Araku Valley
High,6,Winter,Friends,Mountains,North India,Manali
High,5,Spring,Solo,Mountains,East India,Darjeeling
Medium,5,Summer,Couple,Nature,South India,Ooty
Medium,4,Winter,Couple,Beach,West India,Goa
Medium,3,Monsoon,Couple,Adventure,South India,Coorg
High,8,Winter,Couple,Beach,South India,Andaman
Medium,4,Summer,Family,Nature,South India,Ooty
Medium,5,Spring,Couple,Mountains,East India,Darjeeling
Medium,4,Winter,Family,Mountains,South India,Munnar
Medium,6,Autumn,Couple,Nature,East India,Darjeeling
High,8,Winter,Couple,Beach,South India,Andaman
Low,3,Spring,Friends,Spiritual,North India,Rishikesh
High,7,Spring,Family,Beach,South India,Andaman
Low,4,Winter,Solo,Historical,South India,Mysore
High,8,Summer,Family,Mountains,North India,Kashmir
Medium,4,Winter,Family,Historical,North India,Jaipur
Low,3,Autumn,Family,Spiritual,North India,Varanasi
Low,2,Winter,Solo,Spiritual,North India,Varanasi
Medium,4,Autumn,Solo,Spiritual,North India,Rishikesh
Low,2,Autumn,Family,Spiritual,South India,Mysore
High,8,Winter,Couple,Adventure,South India,Andaman
Low,3,Monsoon,Family,Wildlife,South India,Araku Valley
High,7,Winter,Couple,Mountains,North India,Manali
Low,2,Monsoon,Family,Nature,South India,Araku Valley
Medium,5,Spring,Family,Mountains,East India,Darjeeling
Medium,5,Summer,Couple,Beach,West India,Goa
Low,2,Winter,Family,Spiritual,North India,Varanasi
High,4,Winter,Couple,Historical,West India,Udaipur
High,7,Autumn,Couple,Mountains,East India,Darjeeling
High,4,Monsoon,Couple,Nature,South India,Coorg
High,8,Winter,Couple,Adventure,North India,Manali
Medium,5,Spring,Couple,Mountains,East India,Darjeeling
High,3,Spring,Family,Historical,North India,Jaipur
High,5,Monsoon,Couple,Nature,South India,Munnar
Medium,4,Winter,Couple,Nature,South India,Munnar
Medium,5,Monsoon,Friends,Beach,West India,Goa
Low,3,Monsoon,Family,Nature,South India,Araku Valley
High,3,Winter,Family,Nature,West India,Udaipur
Low,2,Winter,Family,Spiritual,North India,Varanasi
High,4,Winter,Friends,Adventure,West India,Goa
Medium,5,Winter,Couple,Nature,South India,Munnar
High,6,Spring,Couple,Nature,East India,Darjeeling
Medium,4,Autumn,Solo,Nature,East India,Darjeeling
High,4,Winter,Family,Historical,North India,Jaipur
High,6,Monsoon,Family,Mountains,South India,Munnar
Low,3,Winter,Solo,Spiritual,North India,Varanasi
Low,6,Winter,Solo,Beach,West India,Goa
Medium,5,Spring,Family,Mountains,Northeast India,Darjeeling
High,4,Winter,Couple,Historical,West India,Udaipur
High,10,Spring,Family,Adventure,East India,Andaman
High,3,Winter,Couple,Spiritual,North India,Jaipur
High,5,Winter,Couple,Historical,West India,Udaipur
High,4,Winter,Friends,Nature,South India,Coorg
High,8,Winter,Family,Nature,North India,Kashmir
Medium,4,Spring,Couple,Mountains,South India,Ooty
High,3,Winter,Family,Historical,North India,Udaipur
Medium,2,Winter,Couple,Spiritual,North India,Jaipur
Low,2,Autumn,Family,Historical,South India,Mysore
Medium,4,Winter,Family,Historical,West India,Udaipur
High,4,Winter,Couple,Historical,North India,Udaipur
Medium,3,Summer,Couple,Mountains,South India,Ooty
Medium,3,Winter,Couple,Adventure,South India,Coorg
Medium,4,Winter,Family,Historical,North India,Jaipur
Medium,3,Summer,Couple,Mountains,South India,Ooty
Medium,2,Winter,Family,Historical,North India,Jaipur
High,7,Winter,Couple,Mountains,North India,Kashmir
High,8,Winter,Family,Mountains,North India,Kashmir
Low,3,Winter,Solo,Spiritual,North India,Varanasi
High,4,Autumn,Couple,Nature,East India,Darjeeling
High,7,Winter,Solo,Mountains,North India,Manali
High,5,Winter,Family,Mountains,South India,Munnar
Low,4,Monsoon,Family,Nature,South India,Araku Valley
Low,3,Autumn,Solo,Historical,South India,Mysore
Medium,2,Autumn,Friends,Historical,South India,Hyderabad
Medium,5,Autumn,Family,Nature,East India,Darjeeling
Low,4,Winter,Family,Nature,South India,Araku Valley
High,8,Summer,Family,Mountains,North India,Kashmir
Low,3,Winter,Friends,Historical,South India,Hyderabad
High,7,Winter,Friends,Mountains,North India,Manali
High,4,Monsoon,Couple,Mountains,South India,Munnar
Medium,3,Winter,Couple,Mountains,South India,Munnar
High,4,Winter,Family,Mountains,South India,Munnar
Low,4,Autumn,Family,Nature,South India,Araku Valley
High,4,Spring,Family,Nature,North India,Udaipur
High,2,Winter,Couple,Nature,South India,Coorg
Medium,5,Spring,Couple,Mountains,South India,Ooty
Medium,4,Winter,Couple,Historical,North India,Jaipur
Medium,5,Winter,Friends,Beach,West India,Goa
High,7,Winter,Couple,Nature,North India,Kashmir
Low,3,Winter,Friends,Adventure,South India,Hyderabad
Low,4,Autumn,Family,Spiritual,South India,Mysore
Low,4,Autumn,Friends,Adventure,North India,Rishikesh
Low,3,Autumn,Family,Spiritual,North India,Varanasi
Low,3,Autumn,Solo,Historical,South India,Mysore
Medium,4,Winter,Family,Historical,North India,Jaipur
Low,2,Winter,Couple,Nature,South India,Araku Valley
Low,3,Autumn,Family,Wildlife,South India,Araku Valley
Medium,7,Monsoon,Friends,Beach,West India,Goa
Medium,3,Autumn,Solo,Spiritual,North India,Rishikesh
Medium,5,Spring,Family,Mountains,South India,Ooty
Medium,3,Monsoon,Friends,Adventure,South India,Coorg
High,7,Winter,Couple,Beach,East India,Andaman
Medium,4,Winter,Couple,Nature,South India,Coorg
Medium,5,Monsoon,Friends,Nature,South India,Coorg
Low,4,Winter,Family,Nature,South India,Araku Valley
High,5,Spring,Couple,Mountains,North India,Manali
High,3,Winter,Family,Historical,West India,Udaipur
Low,3,Winter,Solo,Spiritual,North India,Varanasi
Medium,6,Spring,Friends,Adventure,North India,Manali
High,6,Spring,Family,Beach,South India,Andaman
Low,2,Autumn,Solo,Historical,South India,Mysore
Low,4,Winter,Couple,Wildlife,South India,Araku Valley
Medium,6,Summer,Solo,Mountains,North India,Manali
Medium,2,Winter,Solo,Historical,South India,Hyderabad
Medium,4,Spring,Solo,Historical,North India,Jaipur
Medium,6,Spring,Solo,Mountains,East India,Darjeeling
Medium,3,Monsoon,Couple,Adventure,South India,Coorg
Medium,3,Winter,Family,Spiritual,South India,Mysore
Medium,4,Winter,Couple,Nature,West India,Udaipur
High,4,Winter,Family,Nature,West India,Udaipur
Low,3,Winter,Family,Spiritual,North India,Varanasi
Medium,2,Winter,Family,Historical,South India,Mysore
High,5,Monsoon,Couple,Nature,South India,Munnar
Medium,3,Spring,Family,Historical,North India,Jaipur
High,7,Summer,Couple,Mountains,North India,Manali
High,5,Winter,Couple,Historical,West India,Udaipur
High,5,Winter,Friends,Beach,West India,Goa
Low,4,Spring,Couple,Nature,South India,Ooty
Medium,5,Winter,Couple,Beach,West India,Goa
Medium,5,Winter,Friends,Nature,South India,Coorg
Medium,3,Winter,Solo,Historical,South India,Mysore
High,2,Winter,Couple,Spiritual,North India,Jaipur
Low,5,Summer,Couple,Mountains,South India,Ooty
High,7,Spring,Family,Adventure,South India,Andaman
Low,2,Autumn,Friends,Historical,South India,Hyderabad
High,8,Summer,Family,Mountains,North India,Kashmir
Medium,2,Winter,Family,Spiritual,North India,Varanasi
Low,3,Autumn,Solo,Spiritual,South India,Mysore
Medium,5,Summer,Family,Mountains,South India,Ooty
Medium,4,Winter,Family,Historical,North India,Jaipur
Medium,4,Summer,Friends,Spiritual,North India,Rishikesh
Medium,5,Spring,Couple,Mountains,Northeast India,Darjeeling
Medium,6,Autumn,Solo,Mountains,East India,Darjeeling
Medium,3,Spring,Couple,Historical,North India,Jaipur
Low,2,Autumn,Solo,Historical,South India,Hyderabad
Medium,5,Winter,Family,Nature,South India,Munnar
Medium,6,Summer,Family,Mountains,South India,Ooty
Medium,4,Winter,Family,Mountains,South India,Munnar
Medium,4,Spring,Family,Mountains,South India,Ooty
High,5,Winter,Couple,Historical,North India,Udaipur
High,5,Winter,Family,Historical,North India,Udaipur
Medium,4,Autumn,Solo,Nature,East India,Darjeeling
Low,4,Spring,Friends,Spiritual,North India,Rishikesh
Medium,5,Monsoon,Family,Mountains,South India,Munnar
Low,3,Autumn,Family,Spiritual,North India,Varanasi
Medium,3,Autumn,Solo,Spiritual,North India,Varanasi
Medium,3,Autumn,Solo,Spiritual,North India,Rishikesh
Low,3,Winter,Family,Nature,South India,Araku Valley
High,5,Spring,Solo,Nature,East India,Darjeeling
Medium,3,Monsoon,Friends,Nature,South India,Coorg
High,8,Summer,Couple,Mountains,North India,Manali
Low,3,Monsoon,Couple,Nature,South India,Araku Valley
Medium,2,Winter,Couple,Historical,North India,Jaipur
High,7,Winter,Couple,Nature,North India,Kashmir
Medium,4,Winter,Family,Nature,South India,Munnar
Low,4,Winter,Couple,Nature,South India,Araku Valley
Medium,4,Autumn,Family,Spiritual,North India,Varanasi
Medium,5,Spring,Solo,Spiritual,North India,Rishikesh
High,5,Spring,Couple,Nature,East India,Darjeeling
High,5,Spring,Couple,Historical,North India,Jaipur
Medium,5,Monsoon,Couple,Mountains,South India,Munnar
High,7,Spring,Couple,Beach,South India,Andaman
Medium,2,Winter,Solo,Historical,South India,Hyderabad
Medium,4,Monsoon,Family,Nature,South India,Munnar
Low,3,Summer,Solo,Adventure,North India,Rishikesh
High,6,Winter,Couple,Mountains,South India,Munnar
Low,3,Winter,Family,Spiritual,North India,Varanasi
High,8,Spring,Friends,Beach,South India,Andaman
Medium,4,Winter,Couple,Nature,West India,Udaipur
Medium,4,Winter,Couple,Historical,North India,Jaipur
Medium,5,Spring,Solo,Mountains,East India,Darjeeling
Medium,4,Spring,Couple,Mountains,East India,Darjeeling
Medium,2,Autumn,Solo,Spiritual,North India,Varanasi
Medium,4,Monsoon,Couple,Nature,South India,Coorg
High,7,Winter,Family,Mountains,North India,Kashmir
Medium,3,Winter,Solo,Spiritual,North India,Varanasi
Low,3,Winter,Family,Wildlife,South India,Araku Valley
Medium,8,Winter,Friends,Adventure,North India,Manali
Medium,3,Winter,Family,Historical,North India,Jaipur
High,5,Spring,Couple,Historical,West India,Udaipur
Low,2,Winter,Couple,Nature,South India,Araku Valley
High,7,Spring,Family,Beach,South India,Andaman
Medium,5,Spring,Couple,Nature,West India,Udaipur
High,5,Autumn,Solo,Mountains,East India,Darjeeling
Medium,2,Monsoon,Family,Nature,South India,Araku Valley
Low,3,Winter,Family,Historical,South India,Mysore
Low,5,Summer,Friends,Spiritual,North India,Rishikesh
High,7,Summer,Couple,Mountains,North India,Manali
Medium,7,Summer,Solo,Mountains,North India,Manali
High,4,Monsoon,Friends,Nature,South India,Coorg
High,7,Summer,Couple,Mountains,North India,Kashmir
Low,5,Summer,Solo,Adventure,North India,Rishikesh
Medium,5,Winter,Friends,Beach,West India,Goa
Medium,3,Monsoon,Friends,Adventure,South India,Coorg
Low,4,Winter,Solo,Historical,South India,Hyderabad
Medium,3,Winter,Family,Spiritual,North India,Varanasi
High,8,Summer,Couple,Mountains,North India,Kashmir
High,6,Winter,Friends,Beach,West India,Goa
Medium,2,Winter,Solo,Historical,North India,Jaipur
High,3,Monsoon,Couple,Adventure,South India,Coorg
Low,3,Winter,Family,Spiritual,South India,Mysore
Medium,5,Winter,Friends,Beach,West India,Goa
Low,2,Winter,Friends,Historical,South India,Hyderabad
High,3,Monsoon,Couple,Nature,South India,Coorg
Medium,4,Winter,Family,Spiritual,North India,Jaipur
Low,4,Winter,Family,Spiritual,South India,Mysore
Medium,2,Winter,Family,Nature,South India,Araku Valley
Medium,5,Spring,Couple,Nature,East India,Darjeeling
Low,3,Winter,Friends,Historical,South India,Hyderabad
Medium,4,Winter,Friends,Historical,South India,Hyderabad
Medium,3,Summer,Family,Nature,South India,Ooty
High,9,Winter,Friends,Beach,South India,Andaman
High,3,Winter,Couple,Historical,West India,Udaipur
High,9,Winter,Couple,Beach,South India,Andaman
Medium,5,Summer,Couple,Mountains,North India,Manali
High,9,Winter,Family,Beach,South India,Andaman
High,7,Summer,Couple,Nature,North India,Kashmir
Medium,5,Spring,Solo,Nature,East India,Darjeeling
High,4,Monsoon,Friends,Adventure,South India,Coorg
Low,4,Winter,Friends,Adventure,South India,Hyderabad
High,5,Monsoon,Couple,Adventure,South India,Coorg
Medium,3,Winter,Family,Mountains,South India,Munnar
High,4,Monsoon,Family,Mountains,South India,Munnar
Medium,4,Summer,Couple,Mountains,South India,Ooty
Medium,4,Monsoon,Friends,Nature,South India,Coorg
Medium,4,Winter,Couple,Mountains,South India,Munnar
Medium,5,Spring,Family,Nature,East India,Darjeeling
High,6,Autumn,Solo,Nature,East India,Darjeeling
Medium,3,Summer,Friends,Adventure,North India,Rishikesh
Medium,4,Winter,Couple,Nature,North India,Udaipur
Low,4,Monsoon,Family,Nature,South India,Araku Valley
Medium,6,Spring,Solo,Nature,East India,Darjeeling
High,4,Spring,Family,Nature,North India,Udaipur
Medium,3,Monsoon,Couple,Nature,South India,Araku Valley
Medium,4,Winter,Friends,Adventure,West India,Goa
Low,2,Winter,Family,Spiritual,North India,Varanasi
Medium,4,Summer,Family,Nature,South India,Ooty
Low,2,Winter,Family,Nature,South India,Araku Valley
Low,4,Autumn,Solo,Spiritual,North India,Varanasi
Medium,4,Winter,Friends,Adventure,South India,Coorg
Low,2,Winter,Family,Nature,South India,Araku Valley
Medium,6,Winter,Couple,Mountains,North India,Manali
Low,4,Summer,Friends,Beach,West India,Goa
Low,2,Autumn,Family,Spiritual,North India,Varanasi
Medium,4,Spring,Family,Nature,South India,Ooty
High,6,Winter,Couple,Nature,North India,Kashmir
Medium,6,Autumn,Family,Mountains,East India,Darjeeling
High,9,Summer,Family,Nature,North India,Kashmir
Low,2,Autumn,Family,Spiritual,South India,Mysore
Medium,2,Winter,Family,Nature,South India,Araku Valley
Medium,4,Spring,Solo,Spiritual,North India,Rishikesh
Medium,4,Monsoon,Couple,Nature,South India,Coorg
High,5,Spring,Couple,Historical,West India,Udaipur
Medium,3,Monsoon,Friends,Adventure,South India,Coorg
Low,4,Autumn,Friends,Adventure,North India,Rishikesh
Medium,5,Winter,Couple,Nature,South India,Munnar
Medium,2,Winter,Couple,Adventure,South India,Coorg
Medium,5,Winter,Family,Nature,West India,Udaipur
Medium,5,Autumn,Couple,Nature,Northeast India,Darjeeling
High,5,Winter,Couple,Adventure,South India,Coorg
Low,3,Spring,Couple,Mountains,South India,Ooty
Medium,5,Autumn,Solo,Adventure,North India,Rishikesh
High,8,Winter,Family,Beach,East India,Andaman
Medium,2,Winter,Couple,Nature,South India,Coorg
Low,4,Summer,Family,Mountains,South India,Ooty
Low,3,Autumn,Family,Nature,South India,Araku Valley
Medium,5,Winter,Couple,Historical,West India,Udaipur
Low,4,Monsoon,Family,Nature,South India,Araku Valley
Medium,4,Summer,Friends,Beach,West India,Goa
High,4,Autumn,Family,Mountains,East India,Darjeeling
Low,2,Winter,Solo,Spiritual,North India,Varanasi
Medium,2,Spring,Family,Spiritual,North India,Jaipur
High,6,Monsoon,Couple,Mountains,South India,Munnar
High,5,Autumn,Solo,Nature,East India,Darjeeling
Medium,3,Summer,Couple,Nature,South India,Ooty
Medium,3,Spring,Friends,Adventure,North India,Rishikesh
High,9,Winter,Couple,Beach,South India,Andaman
Medium,2,Winter,Solo,Spiritual,North India,Varanasi
Medium,2,Monsoon,Couple,Adventure,South India,Coorg
Low,3,Winter,Family,Historical,South India,Mysore
High,6,Winter,Couple,Mountains,North India,Kashmir
Medium,4,Summer,Couple,Mountains,South India,Ooty
Medium,5,Summer,Friends,Adventure,North India,Rishikesh
Medium,4,Autumn,Solo,Adventure,South India,Hyderabad
Medium,4,Spring,Couple,Nature,East India,Darjeeling
Low,4,Winter,Family,Spiritual,North India,Varanasi
Low,4,Autumn,Solo,Historical,South India,Hyderabad
Low,2,Autumn,Solo,Spiritual,North India,Varanasi
High,8,Summer,Couple,Mountains,North India,Kashmir
High,2,Monsoon,Friends,Adventure,South India,Coorg
High,5,Spring,Couple,Historical,North India,Udaipur
High,4,Spring,Family,Mountains,East India,Darjeeling
High,5,Winter,Couple,Historical,West India,Udaipur
Medium,3,Summer,Couple,Mountains,South India,Ooty
Low,4,Winter,Solo,Spiritual,North India,Varanasi
Medium,4,Autumn,Solo,Adventure,South India,Hyderabad
Medium,6,Winter,Solo,Beach,West India,Goa
High,5,Winter,Family,Historical,North India,Jaipur
High,5,Winter,Couple,Adventure,South India,Coorg
High,3,Winter,Couple,Nature,West India,Udaipur
High,9,Winter,Couple,Adventure,South India,Andaman
Low,4,Monsoon,Couple,Adventure,West India,Goa
Medium,6,Spring,Couple,Mountains,East India,Darjeeling
High,4,Winter,Friends,Beach,West India,Goa
Medium,4,Monsoon,Family,Nature,South India,Munnar
Low,5,Summer,Family,Mountains,South India,Ooty
Medium,5,Monsoon,Couple,Mountains,South India,Munnar
Medium,2,Winter,Solo,Historical,South India,Mysore
Medium,5,Winter,Family,Mountains,South India,Munnar
High,5,Autumn,Family,Mountains,East India,Darjeeling
Medium,6,Winter,Solo,Mountains,North India,Manali
Medium,3,Winter,Family,Nature,South India,Araku Valley
High,7,Summer,Family,Mountains,North India,Kashmir
High,7,Winter,Family,Adventure,South India,Andaman
Low,4,Autumn,Family,Nature,South India,Araku Valley
High,7,Winter,Friends,Mountains,North India,Manali
High,7,Winter,Couple,Nature,North India,Kashmir
High,6,Winter,Family,Mountains,North India,Kashmir
Low,3,Monsoon,Family,Wildlife,South India,Araku Valley
Medium,5,Monsoon,Couple,Nature,South India,Coorg
High,5,Winter,Family,Nature,South India,Munnar
Low,4,Monsoon,Couple,Nature,South India,Araku Valley
High,6,Summer,Friends,Mountains,North India,Manali
Medium,3,Autumn,Family,Spiritual,North India,Varanasi
Low,3,Winter,Solo,Spiritual,North India,Varanasi
Low,6,Autumn,Friends,Spiritual,North India,Rishikesh
Low,5,Summer,Solo,Spiritual,North India,Rishikesh
High,8,Winter,Family,Adventure,South India,Andaman
Medium,3,Summer,Family,Mountains,South India,Ooty
Medium,4,Winter,Couple,Nature,South India,Munnar
Low,3,Winter,Family,Spiritual,North India,Varanasi
High,5,Winter,Friends,Beach,West India,Goa
High,6,Winter,Family,Beach,East India,Andaman
High,8,Spring,Family,Adventure,East India,Andaman
High,3,Winter,Couple,Nature,South India,Coorg
Low,3,Autumn,Family,Wildlife,South India,Araku Valley
Low,2,Autumn,Family,Historical,South India,Mysore
Medium,4,Autumn,Solo,Mountains,Northeast India,Darjeeling
Medium,3,Winter,Family,Nature,South India,Munnar
High,4,Winter,Couple,Mountains,South India,Munnar
Medium,6,Autumn,Family,Mountains,Northeast India,Darjeeling
High,9,Winter,Couple,Beach,South India,Andaman
Low,2,Autumn,Friends,Historical,South India,Hyderabad
Medium,3,Monsoon,Couple,Nature,South India,Coorg
High,5,Winter,Friends,Nature,South India,Coorg
High,4,Spring,Couple,Mountains,East India,Darjeeling
High,4,Winter,Solo,Adventure,West India,Goa
Low,4,Spring,Friends,Spiritual,North India,Rishikesh
Medium,2,Autumn,Family,Historical,South India,Mysore
Medium,5,Monsoon,Friends,Beach,West India,Goa
Medium,5,Spring,Couple,Mountains,East India,Darjeeling
Medium,4,Winter,Family,Spiritual,North India,Varanasi
Low,4,Autumn,Family,Nature,South India,Araku Valley
High,3,Monsoon,Couple,Adventure,South India,Coorg
High,4,Spring,Solo,Historical,North India,Jaipur
Medium,5,Spring,Friends,Adventure,North India,Rishikesh
Medium,7,Summer,Friends,Adventure,North India,Manali
Low,3,Winter,Solo,Spiritual,North India,Varanasi
Medium,4,Summer,Couple,Nature,South India,Ooty
Medium,5,Spring,Couple,Nature,Northeast India,Darjeeling
High,6,Winter,Family,Mountains,North India,Kashmir
High,8,Winter,Couple,Beach,South India,Andaman
Medium,5,Autumn,Family,Nature,Northeast India,Darjeeling
Medium,3,Autumn,Solo,Historical,South India,Mysore
Medium,5,Winter,Friends,Adventure,West India,Goa
Low,2,Autumn,Family,Historical,South India,Mysore
Medium,2,Autumn,Solo,Spiritual,South India,Mysore
High,7,Winter,Couple,Adventure,North India,Manali
High,5,Winter,Couple,Historical,West India,Udaipur
High,6,Spring,Family,Nature,West India,Udaipur
High,7,Summer,Family,Nature,North India,Kashmir
High,5,Spring,Family,Mountains,East India,Darjeeling
Medium,5,Winter,Couple,Mountains,South India,Munnar
Medium,2,Winter,Solo,Adventure,South India,Hyderabad
High,6,Summer,Friends,Adventure,North India,Manali
Medium,4,Monsoon,Family,Nature,South India,Munnar
Low,2,Winter,Family,Nature,South India,Araku Valley
High,8,Winter,Couple,Mountains,North India,Kashmir
Medium,3,Winter,Couple,Nature,South India,Araku Valley
Medium,4,Monsoon,Couple,Beach,West India,Goa
Medium,5,Spring,Couple,Historical,North India,Udaipur
High,8,Winter,Couple,Nature,North India,Kashmir
Medium,6,Monsoon,Couple,Mountains,South India,Munnar
Low,4,Spring,Solo,Spiritual,North India,Rishikesh
High,7,Summer,Couple,Mountains,North India,Kashmir
High,3,Winter,Family,Nature,South India,Munnar
Low,3,Spring,Solo,Adventure,North India,Rishikesh
Low,3,Winter,Friends,Historical,South India,Hyderabad
Medium,3,Winter,Solo,Historical,North India,Jaipur
Medium,6,Winter,Couple,Mountains,North India,Manali
Medium,2,Autumn,Family,Spiritual,North India,Varanasi
Low,3,Winter,Family,Nature,South India,Araku Valley
Medium,2,Winter,Family,Spiritual,North India,Varanasi
Medium,6,Winter,Family,Mountains,South India,Munnar
Medium,6,Winter,Friends,Mountains,North India,Manali
High,4,Winter,Family,Nature,North India,Udaipur
Medium,6,Spring,Friends,Adventure,North India,Rishikesh
Medium,4,Winter,Couple,Beach,West India,Goa
High,5,Spring,Family,Historical,West India,Udaipur
Low,3,Spring,Couple,Nature,South India,Ooty
High,3,Winter,Couple,Mountains,South India,Munnar
Medium,4,Winter,Couple,Nature,West India,Udaipur
High,4,Monsoon,Couple,Nature,South India,Munnar
Medium,5,Spring,Couple,Mountains,Northeast India,Darjeeling
High,8,Summer,Couple,Nature,North India,Kashmir
Medium,3,Winter,Family,Historical,North India,Jaipur
Medium,4,Spring,Family,Nature,South India,Ooty
Medium,5,Monsoon,Friends,Adventure,South India,Coorg
Medium,3,Winter,Family,Historical,North India,Jaipur
Medium,7,Winter,Couple,Adventure,North India,Manali
Medium,4,Winter,Couple,Adventure,South India,Coorg
Medium,5,Monsoon,Couple,Mountains,South India,Munnar
High,6,Spring,Couple,Beach,South India,Andaman
Low,2,Winter,Family,Spiritual,North India,Varanasi
High,7,Spring,Solo,Nature,East India,Darjeeling
High,7,Winter,Friends,Adventure,East India,Andaman
Medium,4,Autumn,Couple,Mountains,East India,Darjeeling
Low,2,Winter,Friends,Adventure,South India,Hyderabad
Medium,7,Winter,Couple,Mountains,North India,Manali
Medium,3,Summer,Friends,Spiritual,North India,Rishikesh
Low,2,Winter,Solo,Spiritual,North India,Varanasi
Medium,7,Winter,Couple,Mountains,North India,Manali
High,4,Winter,Friends,Nature,South India,Coorg
Medium,5,Monsoon,Friends,Nature,South India,Coorg
High,5,Spring,Couple,Historical,North India,Jaipur
Medium,3,Summer,Couple,Nature,South India,Ooty
Medium,4,Monsoon,Couple,Adventure,South India,Coorg
Medium,4,Summer,Couple,Mountains,South India,Ooty
Low,4,Autumn,Family,Spiritual,North India,Varanasi
High,3,Monsoon,Couple,Nature,South India,Munnar
Medium,2,Winter,Solo,Historical,South India,Hyderabad
Medium,4,Spring,Family,Mountains,South India,Ooty
Medium,2,Autumn,Solo,Spiritual,North India,Varanasi
Low,2,Winter,Family,Historical,South India,Mysore
Medium,3,Monsoon,Couple,Nature,South India,Coorg
Low,4,Autumn,Solo,Spiritual,North India,Varanasi
High,9,Spring,Couple,Adventure,East India,Andaman
Low,3,Autumn,Solo,Historical,South India,Mysore
High,8,Spring,Couple,Adventure,East India,Andaman
High,7,Winter,Family,Mountains,North India,Kashmir
Low,3,Winter,Family,Wildlife,South India,Araku Valley
Medium,6,Summer,Couple,Adventure,North India,Manali
High,4,Winter,Couple,Historical,North India,Udaipur
Medium,3,Winter,Couple,Adventure,South India,Coorg
Low,2,Autumn,Family,Spiritual,South India,Mysore
High,8,Summer,Family,Mountains,North India,Kashmir
Low,2,Winter,Solo,Historical,South India,Hyderabad
Low,4,Autumn,Solo,Historical,South India,Mysore
High,4,Spring,Couple,Mountains,East India,Darjeeling
High,5,Winter,Friends,Beach,West India,Goa
Low,2,Winter,Family,Historical,South India,Mysore
Low,5,Spring,Family,Mountains,South India,Ooty
Medium,5,Spring,Solo,Nature,Northeast India,Darjeeling
Low,4,Autumn,Family,Spiritual,North India,Varanasi
Medium,8,Winter,Friends,Adventure,North India,Manali
Low,3,Winter,Family,Historical,South India,Mysore
High,4,Winter,Couple,Historical,North India,Jaipur
High,4,Autumn,Couple,Mountains,East India,Darjeeling
Low,3,Autumn,Family,Nature,South India,Araku Valley
Low,3,Summer,Family,Nature,South India,Ooty
Low,4,Summer,Solo,Adventure,North India,Rishikesh
Medium,3,Winter,Couple,Nature,West India,Udaipur
High,8,Summer,Couple,Nature,North India,Kashmir
High,3,Winter,Couple,Nature,South India,Munnar
Low,2,Winter,Family,Spiritual,North India,Varanasi
Low,3,Winter,Family,Nature,South India,Araku Valley
Medium,4,Winter,Family,Nature,West India,Udaipur
Low,4,Autumn,Family,Historical,South India,Mysore
Medium,7,Summer,Friends,Adventure,North India,Manali
Medium,5,Autumn,Family,Nature,Northeast India,Darjeeling
Low,3,Winter,Friends,Adventure,South India,Hyderabad
Low,2,Winter,Family,Wildlife,South India,Araku Valley
High,7,Summer,Couple,Mountains,North India,Kashmir
Low,3,Winter,Solo,Spiritual,North India,Varanasi
Medium,9,Winter,Friends,Mountains,North India,Manali
High,4,Winter,Couple,Historical,West India,Udaipur
Low,5,Summer,Family,Mountains,South India,Ooty
Medium,5,Spring,Family,Nature,East India,Darjeeling
Medium,3,Spring,Couple,Mountains,South India,Ooty
High,5,Winter,Couple,Nature,West India,Udaipur
Low,3,Monsoon,Couple,Nature,South India,Araku Valley
Medium,3,Winter,Friends,Nature,South India,Coorg
Medium,2,Winter,Solo,Adventure,South India,Hyderabad
Low,2,Winter,Family,Nature,South India,Araku Valley
High,7,Summer,Family,Mountains,North India,Kashmir
Medium,5,Autumn,Solo,Nature,East India,Darjeeling
High,7,Winter,Couple,Adventure,East India,Andaman
Low,4,Summer,Couple,Nature,South India,Ooty
High,3,Spring,Couple,Historical,West India,Udaipur
High,5,Winter,Family,Historical,North India,Udaipur
Medium,4,Spring,Family,Historical,North India,Jaipur
Low,3,Winter,Family,Historical,South India,Mysore
High,10,Spring,Family,Beach,East India,Andaman
Medium,5,Winter,Couple,Nature,West India,Udaipur
High,7,Summer,Couple,Mountains,North India,Kashmir
High,8,Winter,Couple,Beach,South India,Andaman
High,5,Winter,Couple,Historical,West India,Udaipur
Low,3,Winter,Solo,Historical,South India,Mysore
Low,3,Winter,Family,Nature,South India,Araku Valley
High,8,Spring,Couple,Adventure,South India,Andaman
Medium,2,Winter,Couple,Wildlife,South India,Araku Valley
High,4,Spring,Family,Historical,North India,Jaipur
Medium,3,Spring,Solo,Adventure,North India,Rishikesh
High,2,Monsoon,Friends,Nature,South India,Coorg
Medium,3,Winter,Family,Historical,North India,Jaipur
Medium,2,Autumn,Solo,Historical,South India,Hyderabad
High,4,Winter,Family,Historical,North India,Udaipur
Low,2,Autumn,Family,Spiritual,South India,Mysore
Medium,3,Summer,Family,Mountains,South India,Ooty
Medium,4,Summer,Couple,Nature,South India,Ooty
High,9,Winter,Couple,Mountains,North India,Kashmir
High,9,Summer,Couple,Nature,North India,Kashmir
High,9,Spring,Family,Beach,East India,Andaman
Medium,5,Spring,Solo,Adventure,North India,Rishikesh
Low,3,Autumn,Family,Spiritual,North India,Varanasi
Medium,4,Summer,Couple,Mountains,South India,Ooty
Medium,5,Spring,Solo,Nature,East India,Darjeeling
Low,3,Spring,Friends,Spiritual,North India,Rishikesh
Low,3,Winter,Solo,Spiritual,North India,Varanasi
High,3,Spring,Family,Historical,North India,Udaipur
Low,3,Spring,Couple,Nature,South India,Ooty
Medium,6,Winter,Family,Mountains,South India,Munnar
Low,3,Winter,Family,Spiritual,North India,Varanasi
Low,4,Summer,Family,Nature,South India,Ooty
Low,4,Summer,Family,Mountains,South India,Ooty
Medium,3,Monsoon,Friends,Nature,South India,Coorg
Medium,4,Winter,Couple,Beach,West India,Goa
High,5,Spring,Solo,Mountains,East India,Darjeeling
Low,2,Autumn,Couple,Nature,South India,Araku Valley
High,5,Winter,Family,Historical,North India,Jaipur
Medium,8,Winter,Solo,Adventure,North India,Manali
Low,4,Winter,Family,Wildlife,South India,Araku Valley
High,4,Monsoon,Friends,Beach,West India,Goa
Medium,6,Monsoon,Family,Mountains,South India,Munnar
High,8,Spring,Couple,Beach,South India,Andaman
Medium,4,Spring,Solo,Spiritual,North India,Rishikesh
Low,3,Summer,Couple,Nature,South India,Ooty
Medium,4,Spring,Couple,Mountains,Northeast India,Darjeeling
Medium,5,Spring,Couple,Nature,Northeast India,Darjeeling
Low,2,Winter,Family,Nature,South India,Araku Valley
High,8,Spring,Family,Adventure,South India,Andaman
Medium,3,Autumn,Solo,Adventure,North India,Rishikesh
Medium,2,Winter,Family,Spiritual,North India,Varanasi
Medium,6,Winter,Couple,Adventure,North India,Manali
Low,4,Autumn,Solo,Spiritual,North India,Varanasi
Low,3,Winter,Solo,Historical,South India,Hyderabad
High,3,Winter,Couple,Historical,West India,Udaipur
Medium,6,Winter,Friends,Beach,West India,Goa
Medium,2,Spring,Solo,Historical,North India,Jaipur
Low,4,Autumn,Friends,Spiritual,North India,Rishikesh
Low,2,Winter,Solo,Spiritual,South India,Mysore
Low,5,Summer,Friends,Spiritual,North India,Rishikesh
High,6,Winter,Friends,Adventure,North India,Manali
High,6,Winter,Couple,Beach,East India,Andaman
Low,2,Autumn,Family,Spiritual,South India,Mysore
Medium,6,Summer,Friends,Beach,West India,Goa
High,4,Monsoon,Couple,Beach,West India,Goa
High,3,Winter,Couple,Adventure,South India,Coorg
Medium,5,Monsoon,Couple,Mountains,South India,Munnar
Low,3,Winter,Couple,Nature,South India,Araku Valley
Medium,5,Winter,Solo,Adventure,West India,Goa
High,5,Winter,Couple,Mountains,South India,Munnar
Medium,4,Winter,Couple,Historical,North India,Jaipur
High,9,Winter,Couple,Beach,East India,Andaman
Medium,5,Winter,Couple,Historical,North India,Udaipur
High,5,Winter,Couple,Mountains,South India,Munnar
Low,2,Winter,Family,Historical,South India,Mysore
High,6,Winter,Couple,Nature,North India,Kashmir
High,7,Winter,Solo,Mountains,North India,Manali
Medium,4,Summer,Family,Mountains,South India,Ooty
High,8,Winter,Couple,Adventure,East India,Andaman
Medium,5,Spring,Solo,Spiritual,North India,Rishikesh
High,5,Spring,Family,Historical,West India,Udaipur
Medium,5,Winter,Couple,Mountains,South India,Munnar
Low,3,Autumn,Solo,Spiritual,North India,Varanasi
High,3,Winter,Couple,Adventure,South India,Coorg
Medium,5,Summer,Family,Mountains,South India,Ooty
Low,3,Autumn,Family,Historical,South India,Mysore
Medium,3,Winter,Solo,Spiritual,North India,Varanasi
High,6,Summer,Couple,Adventure,North India,Manali
High,4,Monsoon,Friends,Adventure,South India,Coorg
Low,3,Winter,Couple,Wildlife,South India,Araku Valley
Low,3,Autumn,Solo,Adventure,North India,Rishikesh
Medium,3,Winter,Family,Historical,North India,Jaipur
High,4,Spring,Couple,Historical,North India,Jaipur
Low,3,Spring,Friends,Spiritual,North India,Rishikesh
High,6,Spring,Couple,Mountains,Northeast India,Darjeeling
Low,3,Autumn,Solo,Spiritual,South India,Mysore
Medium,7,Spring,Friends,Mountains,North India,Manali
Low,3,Autumn,Solo,Historical,South India,Mysore
Medium,2,Winter,Solo,Historical,South India,Hyderabad
Low,4,Winter,Family,Nature,South India,Araku Valley
Low,4,Spring,Friends,Spiritual,North India,Rishikesh
High,5,Autumn,Family,Mountains,Northeast India,Darjeeling
Medium,4,Autumn,Family,Nature,South India,Araku Valley
High,9,Winter,Family,Beach,South India,Andaman
High,5,Spring,Family,Nature,West India,Udaipur
Low,3,Autumn,Solo,Spiritual,North India,Varanasi
Low,3,Summer,Family,Nature,South India,Ooty
High,3,Winter,Couple,Spiritual,North India,Jaipur
Low,3,Autumn,Solo,Historical,South India,Mysore
Low,2,Autumn,Solo,Spiritual,North India,Varanasi
Medium,5,Spring,Solo,Mountains,East India,Darjeeling
High,7,Summer,Friends,Mountains,North India,Manali
Low,2,Winter,Family,Spiritual,South India,Mysore
Medium,5,Monsoon,Couple,Mountains,South India,Munnar
Medium,5,Autumn,Couple,Mountains,East India,Darjeeling
Low,4,Winter,Family,Historical,South India,Mysore
Medium,5,Spring,Friends,Spiritual,North India,Rishikesh
Medium,4,Winter,Family,Mountains,South India,Munnar
Medium,5,Monsoon,Couple,Beach,West India,Goa
Medium,5,Spring,Family,Nature,East India,Darjeeling
Medium,4,Monsoon,Couple,Nature,South India,Coorg
High,6,Spring,Family,Historical,North India,Udaipur
Medium,4,Winter,Couple,Nature,South India,Munnar
Low,4,Summer,Solo,Adventure,North India,Rishikesh
Low,3,Winter,Solo,Historical,South India,Hyderabad
Medium,3,Winter,Couple,Nature,South India,Araku Valley
Low,5,Summer,Couple,Mountains,South India,Ooty
Medium,8,Winter,Solo,Mountains,North India,Manali
High,4,Spring,Solo,Mountains,East India,Darjeeling
Medium,4,Winter,Family,Spiritual,North India,Varanasi
High,3,Winter,Family,Historical,West India,Udaipur
High,7,Summer,Couple,Mountains,North India,Kashmir
Medium,3,Summer,Friends,Beach,West India,Goa
Low,2,Winter,Family,Spiritual,North India,Varanasi
High,8,Spring,Couple,Beach,South India,Andaman
Low,2,Winter,Family,Nature,South India,Araku Valley
